Ward code,Ward name,Total population,Under 15 years,15 to 64 years,65 years and older,Detached whole house or bungalow,Semi-detached whole house or bungalow,Terraced whole house or bungalow,"Flat, maisonette or apartment",A caravan or other mobile or temporary structure,Total: All dwellings,Total: Occupied dwellings,Unoccupied dwellings,Total: All households,One-person household,One-person household: Aged 66 years and over,One-person household: Other,Single family household,Other household types
E05000026,Abbey,15918,4180,10927,811,165.0,420.0,1230.0,3955.0,0.0,5780,5435,350.0,5447.0,1404.0,185.0,1219.0,3204.0,839.0
E05000027,Alibon,11392,2882,7538,972,245.0,910.0,2390.0,555.0,0.0,4090,3960,135.0,3950.0,887.0,293.0,594.0,2526.0,537.0
E05000028,Becontree,16545,4574,10750,1221,265.0,1375.0,2195.0,1595.0,0.0,5455,5310,130.0,5319.0,1178.0,394.0,784.0,3408.0,733.0
E05000029,Chadwell Heath,12128,3164,7531,1433,200.0,1305.0,1245.0,1575.0,0.0,4325,4185,145.0,4188.0,1056.0,491.0,565.0,2626.0,506.0
E05000030,Eastbrook,11520,2464,7477,1579,185.0,1385.0,1695.0,800.0,15.0,4070,3925,140.0,3933.0,929.0,447.0,482.0,2517.0,487.0
E05000031,Eastbury,12810,3242,8495,1073,265.0,1055.0,2140.0,960.0,0.0,4425,4275,150.0,4279.0,1006.0,350.0,656.0,2631.0,642.0
E05000032,Gascoigne,11942,3462,7847,633,120.0,350.0,880.0,3015.0,0.0,4405,4225,180.0,4221.0,1080.0,232.0,848.0,2683.0,458.0
E05000033,Goresbrook,12293,3124,7877,1292,245.0,995.0,2460.0,715.0,0.0,4425,4220,205.0,4221.0,902.0,369.0,533.0,2758.0,561.0
E05000034,Heath,12382,3162,7970,1250,190.0,1050.0,1750.0,1695.0,0.0,4695,4530,160.0,4539.0,1345.0,465.0,880.0,2686.0,508.0
E05000035,Longbridge,13301,2982,8933,1386,175.0,995.0,1875.0,860.0,0.0,3920,3765,150.0,3763.0,761.0,365.0,396.0,2191.0,811.0
E05000036,Mayesbrook,11717,3045,7583,1089,280.0,1045.0,2120.0,705.0,0.0,4150,4055,95.0,4056.0,991.0,391.0,600.0,2549.0,516.0
E05000037,Parsloes,11198,2893,7341,964,230.0,1010.0,2250.0,495.0,0.0,3975,3835,135.0,3836.0,829.0,302.0,527.0,2520.0,487.0
E05000038,River,11678,3098,7433,1147,280.0,905.0,2300.0,545.0,0.0,4040,3845,200.0,3842.0,779.0,302.0,477.0,2542.0,521.0
E05000039,Thames,16699,5014,10908,777,270.0,860.0,1790.0,2855.0,0.0,5795,5515,280.0,5526.0,1234.0,233.0,1001.0,3613.0,679.0
E05000040,Valence,12077,3197,7823,1057,265.0,1095.0,2200.0,670.0,0.0,4225,4105,120.0,4106.0,935.0,376.0,559.0,2658.0,513.0
E05000041,Village,11940,3101,7635,1204,255.0,1000.0,1250.0,2100.0,0.0,4590,4320,270.0,4318.0,1227.0,398.0,829.0,2591.0,500.0
E05000042,Whalebone,13366,3547,8677,1142,245.0,990.0,2065.0,1270.0,0.0,4580,4375,205.0,4386.0,955.0,395.0,560.0,2791.0,640.0
E05000043,Brunswick Park,16832,3266,10726,2840,355.0,2990.0,1720.0,1295.0,0.0,6385,6230,135.0,6234.0,1465.0,646.0,819.0,4153.0,616.0
E05000044,Burnt Oak,19873,4464,13430,1979,290.0,1480.0,2380.0,2775.0,0.0,6935,6705,230.0,6715.0,1528.0,514.0,1014.0,4118.0,1069.0
E05000045,Childs Hill,20722,4007,13951,2764,740.0,1775.0,820.0,5660.0,0.0,9015,8285,720.0,8391.0,2759.0,740.0,2019.0,4595.0,1037.0
E05000046,Colindale,29795,6241,21495,2059,185.0,1430.0,1170.0,9205.0,0.0,12050,11380,655.0,11376.0,3311.0,522.0,2789.0,6747.0,1318.0
E05000047,Coppetts,17713,3628,11680,2405,330.0,1570.0,1365.0,3915.0,0.0,7175,6910,255.0,6928.0,1989.0,576.0,1413.0,4276.0,663.0
E05000048,East Barnet,17524,3775,11176,2573,685.0,2490.0,1160.0,2550.0,0.0,6915,6730,155.0,6740.0,1769.0,719.0,1050.0,4463.0,508.0
E05000049,East Finchley,16641,3163,10991,2487,170.0,995.0,1735.0,4255.0,0.0,7160,6890,265.0,6895.0,2210.0,937.0,1273.0,4043.0,642.0
E05000050,Edgware,18704,4388,11395,2921,1250.0,2275.0,510.0,2755.0,0.0,6815,6560,245.0,6561.0,1528.0,680.0,848.0,4333.0,700.0
E05000051,Finchley Church End,16479,3202,10161,3116,900.0,1655.0,350.0,4190.0,0.0,7090,6615,470.0,6657.0,1978.0,860.0,1118.0,3991.0,688.0
E05000052,Garden Suburb,15711,3069,9546,3096,1190.0,1965.0,810.0,2875.0,0.0,6865,6425,445.0,6431.0,1931.0,944.0,987.0,3870.0,630.0
E05000053,Golders Green,20880,5829,12541,2510,745.0,2530.0,675.0,3440.0,0.0,7410,6910,515.0,7046.0,2077.0,713.0,1364.0,4148.0,821.0
E05000054,Hale,17904,3918,11350,2636,700.0,3150.0,900.0,1690.0,0.0,6465,6205,260.0,6213.0,1326.0,601.0,725.0,4167.0,720.0
E05000055,Hendon,19182,4033,12849,2300,755.0,1560.0,540.0,4920.0,0.0,7785,7265,510.0,7330.0,2196.0,670.0,1526.0,4081.0,1053.0
E05000056,High Barnet,16694,3035,10553,3106,1380.0,1825.0,1065.0,3050.0,0.0,7315,7040,285.0,7043.0,2259.0,968.0,1291.0,4284.0,500.0
E05000057,Mill Hill,21121,4422,13564,3135,1440.0,2590.0,1005.0,3500.0,0.0,8540,8000,535.0,8017.0,2124.0,865.0,1259.0,5149.0,744.0
E05000058,Oakleigh,16559,3088,10458,3013,1040.0,2290.0,505.0,2935.0,0.0,6785,6520,275.0,6522.0,1733.0,753.0,980.0,4243.0,546.0
E05000059,Totteridge,15880,3084,9830,2966,1255.0,2170.0,690.0,2410.0,0.0,6550,6190,375.0,6177.0,1586.0,708.0,878.0,4084.0,507.0
E05000060,Underhill,16297,3104,10301,2892,705.0,2445.0,1380.0,1885.0,130.0,6540,6365,175.0,6379.0,1759.0,879.0,880.0,4119.0,501.0
E05000061,West Finchley,16761,3174,11269,2318,225.0,1695.0,1100.0,4110.0,0.0,7140,6750,395.0,6768.0,1977.0,654.0,1323.0,4020.0,771.0
E05000062,West Hendon,19208,3554,13504,2150,1000.0,1495.0,1005.0,4010.0,0.0,7525,7020,505.0,7074.0,2026.0,564.0,1462.0,3841.0,1207.0
E05000063,Woodhouse,18857,3571,12457,2829,270.0,1775.0,1585.0,4050.0,0.0,7680,7375,315.0,7398.0,2121.0,699.0,1422.0,4489.0,788.0
E05000085,Alperton,18323,3513,12973,1837,325.0,1175.0,1375.0,2675.0,0.0,5555,5280,260.0,5288.0,1041.0,326.0,715.0,2907.0,1340.0
E05000086,Barnhill,17017,3299,11243,2475,945.0,1560.0,515.0,2810.0,0.0,5860,5665,185.0,5671.0,1340.0,557.0,783.0,3418.0,913.0
E05000087,Brondesbury Park,13428,2216,9386,1826,435.0,855.0,380.0,4180.0,0.0,5855,5500,360.0,5510.0,1945.0,642.0,1303.0,2806.0,759.0
E05000088,Dollis Hill,14772,3318,9699,1755,360.0,1355.0,1140.0,2210.0,0.0,5080,4830,245.0,4843.0,1170.0,391.0,779.0,2953.0,720.0
E05000089,Dudden Hill,15950,3450,10580,1920,255.0,1485.0,1200.0,2885.0,0.0,5820,5550,280.0,5554.0,1583.0,534.0,1049.0,3044.0,927.0
E05000090,Fryent,14703,2821,10006,1876,265.0,2075.0,570.0,1990.0,0.0,4930,4715,215.0,4711.0,1018.0,406.0,612.0,2794.0,899.0
E05000091,Harlesden,16702,3733,11414,1555,160.0,500.0,930.0,5540.0,0.0,7135,6500,640.0,6513.0,2195.0,504.0,1691.0,3592.0,726.0
E05000092,Kensal Green,13889,2615,9714,1560,135.0,560.0,1280.0,4200.0,0.0,6200,5705,495.0,5726.0,1943.0,518.0,1425.0,2990.0,793.0
E05000093,Kenton,12414,2136,7844,2434,715.0,2330.0,160.0,820.0,0.0,4045,3905,150.0,3894.0,686.0,417.0,269.0,2361.0,847.0
E05000094,Kilburn,17218,3031,12577,1610,30.0,145.0,725.0,7485.0,0.0,8430,7640,785.0,7649.0,2970.0,635.0,2335.0,3756.0,923.0
E05000095,Mapesbury,15817,2592,11526,1699,355.0,640.0,435.0,5520.0,0.0,6975,6490,490.0,6495.0,2245.0,531.0,1714.0,3200.0,1050.0
E05000096,Northwick Park,12886,2099,8659,2128,700.0,1970.0,270.0,1160.0,0.0,4115,3995,115.0,4005.0,778.0,341.0,437.0,2366.0,861.0
E05000097,Preston,17063,3257,11657,2149,380.0,2370.0,455.0,2295.0,0.0,5525,5325,210.0,5324.0,1172.0,448.0,724.0,3073.0,1079.0
E05000098,Queens Park,14540,2754,10153,1633,45.0,475.0,1620.0,4235.0,0.0,6405,5895,500.0,5910.0,1710.0,447.0,1263.0,3309.0,891.0
E05000099,Queensbury,17241,3079,11910,2252,265.0,2190.0,1145.0,2250.0,0.0,5855,5530,330.0,5523.0,1047.0,403.0,644.0,3343.0,1133.0
E05000100,Stonebridge,20259,4653,13706,1900,280.0,945.0,1435.0,5265.0,0.0,7945,7240,695.0,7241.0,2094.0,535.0,1559.0,4330.0,817.0
E05000101,Sudbury,16492,3207,11425,1860,490.0,1355.0,990.0,2580.0,0.0,5415,5165,230.0,5179.0,1107.0,409.0,698.0,2947.0,1125.0
E05000102,Tokyngton,21845,3438,16430,1977,275.0,1890.0,755.0,6030.0,0.0,8965,6830,2125.0,6818.0,1668.0,404.0,1264.0,3865.0,1285.0
E05000103,Welsh Harp,14615,2939,9779,1897,370.0,1460.0,1065.0,2295.0,0.0,5215,5000,215.0,5005.0,1283.0,474.0,809.0,2867.0,855.0
E05000104,Wembley Central,18793,3555,13431,1807,310.0,1305.0,870.0,3275.0,0.0,5765,5320,445.0,5342.0,959.0,302.0,657.0,2950.0,1433.0
E05000105,Willesden Green,15901,2993,11471,1437,155.0,375.0,945.0,5315.0,0.0,6800,6380,430.0,6392.0,2029.0,492.0,1537.0,3435.0,928.0
E05000106,Bickley,15681,3044,9454,3183,2365.0,1345.0,1080.0,1665.0,0.0,6455,6155,310.0,6159.0,1565.0,826.0,739.0,4260.0,334.0
E05000107,Biggin Hill,10240,1871,6086,2283,1525.0,1140.0,920.0,585.0,0.0,4175,4035,125.0,4037.0,913.0,544.0,369.0,2858.0,266.0
E05000108,Bromley Common and Keston,17324,3532,10924,2868,1375.0,2315.0,1805.0,1795.0,0.0,7290,6990,290.0,6988.0,1893.0,965.0,928.0,4680.0,415.0
E05000109,Bromley Town,19554,3869,13130,2555,670.0,1985.0,1620.0,4600.0,0.0,8895,8320,560.0,8348.0,2584.0,876.0,1708.0,5147.0,617.0
E05000110,Chelsfield and Pratts Bottom,14871,2935,8911,3025,1955.0,2450.0,1070.0,500.0,0.0,5990,5805,180.0,5806.0,1353.0,806.0,547.0,4141.0,312.0
E05000111,Chislehurst,16178,3135,9554,3489,2345.0,1375.0,1400.0,1680.0,0.0,6820,6525,295.0,6530.0,1798.0,977.0,821.0,4423.0,309.0
E05000112,Clock House,16351,3324,10956,2071,240.0,1475.0,2425.0,3300.0,0.0,7455,7035,425.0,7042.0,2225.0,766.0,1459.0,4397.0,420.0
E05000113,Copers Cope,17217,2772,11503,2942,925.0,625.0,1060.0,6385.0,0.0,8995,8475,520.0,8472.0,3362.0,1196.0,2166.0,4668.0,442.0
E05000114,Cray Valley East,16667,3518,10446,2703,600.0,2820.0,2015.0,1770.0,30.0,7245,6945,300.0,6953.0,2178.0,957.0,1221.0,4341.0,434.0
E05000115,Cray Valley West,17671,4033,11274,2364,790.0,3205.0,1785.0,1275.0,0.0,7055,6785,265.0,6791.0,1815.0,737.0,1078.0,4478.0,498.0
E05000116,Crystal Palace,13912,2453,10252,1207,180.0,365.0,590.0,5940.0,0.0,7065,6570,490.0,6576.0,2443.0,458.0,1985.0,3672.0,461.0
E05000117,Darwin,5366,890,3050,1426,1250.0,455.0,235.0,160.0,130.0,2235,2130,100.0,2136.0,498.0,314.0,184.0,1502.0,136.0
E05000118,Farnborough and Crofton,15540,3002,8988,3550,2255.0,2085.0,1255.0,860.0,0.0,6475,6260,205.0,6257.0,1661.0,1085.0,576.0,4297.0,299.0
E05000119,Hayes and Coney Hall,16597,3346,9931,3320,1185.0,3740.0,525.0,910.0,0.0,6400,6215,175.0,6221.0,1348.0,840.0,508.0,4517.0,356.0
E05000120,Kelsey and Eden Park,16309,3189,9898,3222,710.0,1725.0,2665.0,1525.0,0.0,6665,6395,255.0,6397.0,1643.0,954.0,689.0,4353.0,401.0
E05000121,Mottingham and Chislehurst North,10888,2457,7028,1403,300.0,1255.0,1885.0,1115.0,0.0,4555,4370,175.0,4370.0,1254.0,458.0,796.0,2763.0,353.0
E05000122,Orpington,16243,3102,9773,3368,1345.0,3320.0,685.0,1470.0,0.0,6845,6585,255.0,6590.0,1728.0,919.0,809.0,4465.0,397.0
E05000123,Penge and Cator,18040,3523,12410,2107,285.0,1610.0,1840.0,4585.0,0.0,8345,7935,410.0,7930.0,2702.0,755.0,1947.0,4676.0,552.0
E05000124,Petts Wood and Knoll,13905,2780,8018,3107,1700.0,2990.0,385.0,570.0,0.0,5670,5500,170.0,5493.0,1213.0,733.0,480.0,4022.0,258.0
E05000125,Plaistow and Sundridge,16126,3250,10317,2559,800.0,1805.0,1980.0,2500.0,0.0,7095,6725,370.0,6732.0,1988.0,746.0,1242.0,4292.0,452.0
E05000126,Shortlands,10210,2062,6055,2093,1435.0,805.0,510.0,1580.0,0.0,4345,4135,205.0,4146.0,1154.0,622.0,532.0,2777.0,215.0
E05000127,West Wickham,15106,2805,8922,3379,1100.0,2765.0,1070.0,1025.0,30.0,6030,5810,185.0,5812.0,1326.0,893.0,433.0,4154.0,332.0
E05000128,Belsize,11656,1973,8151,1532,25.0,185.0,440.0,5805.0,0.0,6520,5545,970.0,5547.0,2317.0,690.0,1627.0,2820.0,410.0
E05000129,Bloomsbury,8047,571,6575,901,0.0,0.0,140.0,5025.0,0.0,5190,3635,1560.0,3637.0,1922.0,435.0,1487.0,1239.0,476.0
E05000130,Camden Town with Primrose Hill,12026,1635,8826,1565,25.0,205.0,900.0,5435.0,0.0,6610,5635,975.0,5643.0,2362.0,675.0,1687.0,2624.0,657.0
E05000131,Cantelowes,11436,1705,8527,1204,25.0,295.0,470.0,4985.0,0.0,5800,5165,640.0,5171.0,1921.0,464.0,1457.0,2504.0,746.0
E05000132,Fortune Green,11410,1853,8252,1305,120.0,350.0,595.0,4690.0,0.0,5770,5050,705.0,5065.0,1754.0,442.0,1312.0,2644.0,667.0
E05000133,Frognal and Fitzjohns,11520,2158,7763,1599,355.0,390.0,240.0,5055.0,0.0,6060,5050,1010.0,5052.0,1690.0,481.0,1209.0,2948.0,414.0
E05000134,Gospel Oak,10550,1833,7313,1404,40.0,200.0,610.0,4215.0,0.0,5095,4625,475.0,4632.0,1741.0,533.0,1208.0,2407.0,484.0
E05000135,Hampstead Town,10346,1776,6794,1776,220.0,545.0,775.0,4095.0,0.0,5640,4850,785.0,4851.0,1889.0,671.0,1218.0,2636.0,326.0
E05000136,Haverstock,11878,2104,8363,1411,25.0,110.0,495.0,4845.0,0.0,5515,5005,500.0,5013.0,1778.0,559.0,1219.0,2570.0,665.0
E05000137,Highgate,10522,1687,6933,1902,385.0,430.0,645.0,3570.0,0.0,5035,4580,440.0,4584.0,1592.0,633.0,959.0,2523.0,469.0
E05000138,Holborn and Covent Garden,11314,1293,8685,1336,0.0,15.0,190.0,6880.0,0.0,7130,5385,1755.0,5392.0,2447.0,555.0,1892.0,2259.0,686.0
E05000139,Kentish Town,13031,1951,9666,1414,40.0,195.0,930.0,4960.0,0.0,6150,5580,565.0,5583.0,1972.0,485.0,1487.0,2858.0,753.0
E05000140,Kilburn,12705,2187,9038,1480,10.0,70.0,235.0,6220.0,0.0,6585,5865,730.0,5866.0,2446.0,741.0,1705.0,2764.0,656.0
E05000141,King's Cross,10190,1036,8227,927,0.0,15.0,175.0,4495.0,0.0,4735,3750,985.0,3749.0,1668.0,370.0,1298.0,1487.0,594.0
E05000142,Regent's Park,11922,1882,8843,1197,20.0,65.0,355.0,5430.0,0.0,5935,4955,970.0,4966.0,1852.0,442.0,1410.0,2327.0,787.0
E05000143,St. Pancras and Somers Town,15734,2616,11832,1286,0.0,35.0,270.0,6560.0,0.0,6940,6105,830.0,6111.0,2167.0,496.0,1671.0,3022.0,922.0
E05000144,Swiss Cottage,13730,2389,9864,1477,125.0,170.0,275.0,6415.0,0.0,7000,6105,895.0,6107.0,2128.0,560.0,1568.0,3301.0,678.0
E05000145,West Hampstead,12140,1588,9416,1136,50.0,115.0,440.0,5860.0,0.0,6515,5805,710.0,5791.0,2292.0,491.0,1801.0,2773.0,726.0
E05000170,Acton Central,15897,3131,11128,1638,225.0,1475.0,735.0,4500.0,0.0,6945,6385,560.0,6415.0,2066.0,562.0,1504.0,3523.0,826.0
E05000171,Cleveland,15164,3093,9778,2293,210.0,1330.0,1250.0,3315.0,0.0,6115,5910,210.0,5917.0,1679.0,675.0,1004.0,3680.0,558.0
E05000172,Dormers Wells,14779,3108,9592,2079,250.0,1260.0,1145.0,2205.0,0.0,4855,4540,315.0,4550.0,984.0,441.0,543.0,2690.0,876.0
E05000173,Ealing Broadway,15615,2430,11258,1927,665.0,710.0,455.0,5790.0,0.0,7645,7000,645.0,7019.0,2390.0,660.0,1730.0,3871.0,758.0
E05000174,Ealing Common,14119,2056,10080,1983,520.0,1115.0,925.0,3775.0,0.0,6340,5925,410.0,5966.0,1858.0,575.0,1283.0,3272.0,836.0
E05000175,East Acton,23266,3722,17482,2062,280.0,1415.0,1200.0,6260.0,25.0,9180,8655,520.0,8702.0,2906.0,577.0,2329.0,4555.0,1241.0
E05000176,Elthorne,15947,3261,10886,1800,145.0,1005.0,1860.0,3770.0,0.0,6795,6440,355.0,6445.0,1856.0,586.0,1270.0,3864.0,725.0
E05000177,Greenford Broadway,19348,4224,12888,2236,330.0,1540.0,1280.0,3855.0,20.0,7045,6755,290.0,6770.0,1702.0,558.0,1144.0,4187.0,881.0
E05000178,Greenford Green,15226,2978,10252,1996,255.0,2100.0,1310.0,1985.0,0.0,5665,5285,375.0,5280.0,1270.0,479.0,791.0,3144.0,866.0
E05000179,Hanger Hill,15866,3142,10338,2386,730.0,1355.0,1185.0,3555.0,0.0,6810,6230,580.0,6256.0,1845.0,739.0,1106.0,3651.0,760.0
E05000180,Hobbayne,15035,3275,9833,1927,310.0,1470.0,1735.0,2145.0,0.0,5665,5475,190.0,5466.0,1328.0,572.0,756.0,3569.0,569.0
E05000181,Lady Margaret,14473,2792,9691,1990,265.0,1290.0,2155.0,655.0,0.0,4370,4195,180.0,4211.0,663.0,313.0,350.0,2565.0,983.0
E05000182,Northfield,13602,2792,8964,1846,145.0,985.0,2430.0,2045.0,0.0,5610,5355,260.0,5340.0,1342.0,573.0,769.0,3420.0,578.0
E05000183,North Greenford,15566,2808,10728,2030,250.0,1905.0,1905.0,1415.0,10.0,5490,5230,265.0,5232.0,1108.0,427.0,681.0,3148.0,976.0
E05000184,Northolt Mandeville,16842,3626,11254,1962,185.0,1845.0,1420.0,2635.0,30.0,6150,5910,225.0,5917.0,1336.0,532.0,804.0,3727.0,854.0
E05000185,Northolt West End,16542,4064,10852,1626,165.0,1540.0,1010.0,3085.0,0.0,5830,5615,205.0,5610.0,1273.0,456.0,817.0,3597.0,740.0
E05000186,Norwood Green,15501,3087,10552,1862,470.0,1265.0,900.0,2905.0,30.0,5575,4845,725.0,4859.0,1110.0,322.0,788.0,2837.0,912.0
E05000187,Perivale,16188,2996,11075,2117,255.0,2010.0,1970.0,1695.0,0.0,5935,5640,280.0,5654.0,1358.0,456.0,902.0,3354.0,942.0
E05000188,South Acton,16652,2939,11955,1758,160.0,920.0,480.0,6105.0,35.0,7720,7070,660.0,7097.0,2449.0,606.0,1843.0,3857.0,791.0
E05000189,Southall Broadway,15984,3352,10886,1746,380.0,945.0,1690.0,1580.0,0.0,4610,4230,375.0,4249.0,733.0,271.0,462.0,2308.0,1208.0
E05000190,Southall Green,17703,3930,12082,1691,410.0,1105.0,1655.0,2000.0,0.0,5170,4795,380.0,4794.0,696.0,242.0,454.0,2873.0,1225.0
E05000191,Southfield,14520,2558,10187,1775,195.0,700.0,2045.0,3835.0,0.0,6800,6425,370.0,6426.0,2084.0,644.0,1440.0,3780.0,562.0
E05000192,Walpole,13259,2392,9155,1712,240.0,1125.0,1730.0,2700.0,0.0,5805,5470,350.0,5486.0,1619.0,566.0,1053.0,3257.0,610.0
E05000193,Bowes,14682,2593,10258,1831,210.0,855.0,2025.0,2815.0,0.0,5900,5495,410.0,5493.0,1426.0,454.0,972.0,3147.0,920.0
E05000194,Bush Hill Park,14270,2602,8739,2929,285.0,1940.0,1840.0,1610.0,0.0,5685,5410,275.0,5412.0,1466.0,756.0,710.0,3436.0,510.0
E05000195,Chase,14456,3309,9057,2090,535.0,1220.0,1885.0,2285.0,25.0,5950,5605,340.0,5610.0,1562.0,648.0,914.0,3656.0,392.0
E05000196,Cockfosters,14510,2766,8738,3006,1210.0,1685.0,565.0,2500.0,0.0,5960,5485,470.0,5493.0,1433.0,796.0,637.0,3561.0,499.0
E05000197,Edmonton Green,18265,4483,11965,1817,355.0,1235.0,1390.0,4165.0,0.0,7130,6705,440.0,6717.0,2060.0,695.0,1365.0,3940.0,717.0
E05000198,Enfield Highway,16255,4028,10508,1719,355.0,1450.0,2050.0,2155.0,0.0,5985,5665,325.0,5666.0,1268.0,447.0,821.0,3793.0,605.0
E05000199,Enfield Lock,17820,4615,11635,1570,500.0,1380.0,1980.0,2985.0,0.0,6840,6400,435.0,6417.0,1566.0,467.0,1099.0,4190.0,661.0
E05000200,Grange,13438,2524,8173,2741,810.0,1795.0,710.0,2425.0,0.0,5735,5500,220.0,5503.0,1569.0,730.0,839.0,3563.0,371.0
E05000201,Haselbury,17086,3987,11198,1901,435.0,1390.0,2295.0,1995.0,0.0,6120,5740,365.0,5758.0,1326.0,476.0,850.0,3628.0,804.0
E05000202,Highlands,13687,2614,8377,2696,830.0,1980.0,835.0,2325.0,0.0,5975,5655,310.0,5673.0,1665.0,808.0,857.0,3617.0,391.0
E05000203,Jubilee,15082,3497,9615,1970,400.0,1160.0,2380.0,1610.0,0.0,5565,5245,310.0,5263.0,1320.0,508.0,812.0,3343.0,600.0
E05000204,Lower Edmonton,16795,4115,10923,1757,480.0,1055.0,2635.0,2165.0,0.0,6355,5865,490.0,5871.0,1497.0,576.0,921.0,3676.0,698.0
E05000205,Palmers Green,15771,2937,10473,2361,150.0,1210.0,2370.0,2470.0,0.0,6200,5800,395.0,5806.0,1461.0,590.0,871.0,3562.0,783.0
E05000206,Ponders End,17369,4547,11253,1569,395.0,990.0,2010.0,2560.0,10.0,5975,5680,295.0,5679.0,1390.0,415.0,975.0,3611.0,678.0
E05000207,Southbury,15849,3819,10410,1620,185.0,985.0,2250.0,2700.0,0.0,6130,5815,315.0,5821.0,1512.0,471.0,1041.0,3733.0,576.0
E05000208,Southgate,15480,3151,9998,2331,440.0,1880.0,765.0,3230.0,0.0,6335,6045,290.0,6052.0,1674.0,686.0,988.0,3797.0,581.0
E05000209,Southgate Green,15116,2886,9727,2503,305.0,2080.0,1010.0,2525.0,0.0,5940,5560,370.0,5571.0,1374.0,526.0,848.0,3481.0,716.0
E05000210,Town,15328,3108,9653,2567,185.0,1890.0,2190.0,2085.0,0.0,6350,6100,245.0,6099.0,1601.0,733.0,868.0,4090.0,408.0
E05000211,Turkey Street,15580,3951,9895,1734,300.0,1550.0,1835.0,1920.0,0.0,5615,5365,250.0,5362.0,1201.0,431.0,770.0,3612.0,549.0
E05000212,Upper Edmonton,19162,4616,12642,1904,460.0,1220.0,2450.0,2615.0,0.0,6755,6390,370.0,6385.0,1389.0,433.0,956.0,4070.0,926.0
E05000213,Winchmore Hill,13951,2641,8899,2411,515.0,1695.0,1060.0,2290.0,0.0,5570,5320,250.0,5328.0,1414.0,609.0,805.0,3405.0,509.0
E05000214,Abbey Wood,16918,4144,11148,1626,270.0,790.0,2765.0,2445.0,30.0,6305,6045,255.0,6044.0,1595.0,492.0,1103.0,3660.0,789.0
E05000215,Blackheath Westcombe,12752,2274,8560,1918,520.0,850.0,795.0,4135.0,0.0,6305,5805,495.0,5823.0,2061.0,685.0,1376.0,3380.0,382.0
E05000216,Charlton,15666,3266,10726,1674,230.0,1105.0,1825.0,3015.0,0.0,6175,5895,285.0,5903.0,1675.0,545.0,1130.0,3482.0,746.0
E05000217,Coldharbour and New Eltham,13479,2700,8519,2260,305.0,2850.0,770.0,1395.0,0.0,5335,5135,205.0,5143.0,1349.0,639.0,710.0,3371.0,423.0
E05000218,Eltham North,12970,2598,8021,2351,145.0,1835.0,2145.0,1200.0,0.0,5365,5180,190.0,5180.0,1426.0,736.0,690.0,3392.0,362.0
E05000219,Eltham South,13213,2495,8621,2097,380.0,1565.0,1035.0,2655.0,0.0,5640,5365,290.0,5363.0,1780.0,717.0,1063.0,3164.0,419.0
E05000220,Eltham West,14657,2999,9975,1683,115.0,1830.0,1550.0,2290.0,0.0,5810,5595,205.0,5597.0,1454.0,546.0,908.0,3521.0,622.0
E05000221,Glyndon,18339,4025,12719,1595,285.0,705.0,2510.0,3715.0,0.0,7230,6840,390.0,6872.0,2043.0,480.0,1563.0,3838.0,991.0
E05000222,Greenwich West,21547,3413,16604,1530,155.0,380.0,1495.0,7985.0,0.0,10070,9395,670.0,9408.0,3040.0,560.0,2480.0,5264.0,1104.0
E05000223,Kidbrooke with Hornfair,14874,3073,10037,1764,245.0,1985.0,1630.0,2150.0,0.0,6015,5730,275.0,5738.0,1647.0,559.0,1088.0,3429.0,662.0
E05000224,Middle Park and Sutcliffe,14175,3233,8982,1960,475.0,1420.0,1395.0,2510.0,0.0,5805,5515,300.0,5517.0,1550.0,655.0,895.0,3443.0,524.0
E05000225,Peninsula,26476,4709,20254,1513,100.0,455.0,2690.0,9555.0,0.0,12900,11605,1300.0,11622.0,3549.0,550.0,2999.0,6748.0,1325.0
E05000226,Plumstead,18625,4045,12547,2033,410.0,1095.0,3095.0,2125.0,0.0,6735,6420,300.0,6451.0,1700.0,523.0,1177.0,3656.0,1095.0
E05000227,Shooters Hill,13779,2824,8943,2012,320.0,1575.0,2250.0,1565.0,0.0,5700,5455,245.0,5461.0,1536.0,569.0,967.0,3381.0,544.0
E05000228,Thamesmead Moorings,20600,5082,14230,1288,430.0,1135.0,2280.0,3485.0,0.0,7360,7110,250.0,7129.0,2096.0,401.0,1695.0,4207.0,826.0
E05000229,Woolwich Common,19487,4391,13662,1434,220.0,620.0,1860.0,5330.0,0.0,8040,7430,625.0,7455.0,2424.0,435.0,1989.0,4122.0,909.0
E05000230,Woolwich Riverside,21525,4037,15992,1496,110.0,430.0,1265.0,8360.0,0.0,10230,9330,900.0,9323.0,3109.0,483.0,2626.0,5171.0,1043.0
E05000250,Addison,11209,1660,8519,1030,0.0,100.0,755.0,5415.0,0.0,6305,5495,805.0,5492.0,2273.0,431.0,1842.0,2637.0,582.0
E05000251,Askew,13847,2347,10258,1242,65.0,215.0,1010.0,5485.0,0.0,6795,6100,690.0,6103.0,2206.0,506.0,1700.0,3158.0,739.0
E05000252,Avonmore and Brook Green,11312,1440,8351,1521,0.0,60.0,500.0,5750.0,0.0,6375,5410,965.0,5398.0,2181.0,612.0,1569.0,2498.0,719.0
E05000253,College Park and Old Oak,9975,1474,7608,893,150.0,515.0,1240.0,2645.0,20.0,4575,3870,705.0,3872.0,1408.0,301.0,1107.0,1944.0,520.0
E05000254,Fulham Broadway,11386,1503,8650,1233,15.0,165.0,990.0,4885.0,0.0,6095,5290,815.0,5280.0,1983.0,512.0,1471.0,2486.0,811.0
E05000255,Fulham Reach,11509,1499,8877,1133,20.0,145.0,1465.0,3915.0,0.0,5600,4925,675.0,4927.0,1664.0,425.0,1239.0,2311.0,952.0
E05000256,Hammersmith Broadway,12424,1787,9284,1353,10.0,175.0,965.0,5230.0,25.0,6455,5710,735.0,5706.0,2204.0,532.0,1672.0,2783.0,719.0
E05000257,Munster,10715,1697,8014,1004,25.0,155.0,1635.0,3320.0,0.0,5170,4675,500.0,4667.0,1430.0,379.0,1051.0,2444.0,793.0
E05000258,North End,10531,1235,8334,962,20.0,70.0,370.0,5505.0,0.0,6010,5115,895.0,5121.0,2079.0,426.0,1653.0,2207.0,835.0
E05000259,Palace Riverside,7232,1236,4720,1276,25.0,470.0,645.0,2405.0,0.0,3560,3150,420.0,3138.0,1004.0,503.0,501.0,1769.0,365.0
E05000260,Parsons Green and Walham,10512,1909,7387,1216,60.0,270.0,1915.0,2830.0,0.0,5095,4480,615.0,4477.0,1438.0,438.0,1000.0,2411.0,628.0
E05000261,Ravenscourt Park,10636,1762,7392,1482,125.0,630.0,1175.0,3255.0,0.0,5200,4645,550.0,4653.0,1717.0,572.0,1145.0,2456.0,480.0
E05000262,Sands End,14616,2643,10621,1352,40.0,150.0,1020.0,6840.0,0.0,8075,6495,1580.0,6507.0,2269.0,489.0,1780.0,3415.0,823.0
E05000263,Shepherd's Bush Green,12425,1792,9580,1053,35.0,180.0,785.0,5700.0,0.0,6725,5830,895.0,5846.0,2344.0,441.0,1903.0,2681.0,821.0
E05000264,Town,10877,1695,8270,912,10.0,130.0,1115.0,4105.0,0.0,5420,4860,545.0,4867.0,1701.0,364.0,1337.0,2394.0,772.0
E05000265,Wormholt and White City,13948,2860,9767,1321,105.0,500.0,940.0,3860.0,0.0,5455,5150,310.0,5154.0,1419.0,421.0,998.0,2935.0,800.0
E05000266,Alexandra,11441,2582,7258,1601,140.0,795.0,1405.0,2250.0,0.0,4600,4400,205.0,4398.0,1093.0,411.0,682.0,2924.0,381.0
E05000267,Bounds Green,14075,2512,10062,1501,190.0,685.0,1125.0,4280.0,0.0,6275,5935,330.0,5956.0,1974.0,559.0,1415.0,3285.0,697.0
E05000268,Bruce Grove,14679,2673,10628,1378,320.0,410.0,1955.0,3595.0,0.0,6295,5695,610.0,5715.0,1726.0,446.0,1280.0,2996.0,993.0
E05000269,Crouch End,11970,2034,8363,1573,135.0,500.0,890.0,4650.0,0.0,6190,5615,565.0,5622.0,2127.0,634.0,1493.0,3024.0,471.0
E05000270,Fortis Green,12838,2646,8492,1700,270.0,960.0,1220.0,2870.0,0.0,5330,5020,305.0,5021.0,1341.0,520.0,821.0,3229.0,451.0
E05000271,Harringay,13788,1968,10618,1202,130.0,365.0,1505.0,4375.0,0.0,6390,5855,530.0,5865.0,1836.0,342.0,1494.0,3011.0,1018.0
E05000272,Highgate,10528,1623,7418,1487,375.0,495.0,885.0,3680.0,0.0,5445,4845,605.0,4854.0,1667.0,501.0,1166.0,2725.0,462.0
E05000273,Hornsey,13296,2215,9730,1351,40.0,250.0,1315.0,4750.0,0.0,6410,6015,385.0,6018.0,2102.0,504.0,1598.0,3366.0,550.0
E05000274,Muswell Hill,10624,1822,6919,1883,110.0,660.0,1375.0,2695.0,0.0,4845,4500,350.0,4503.0,1324.0,537.0,787.0,2769.0,410.0
E05000275,Noel Park,14054,2013,10723,1318,255.0,480.0,1930.0,3215.0,0.0,5895,5450,445.0,5476.0,1696.0,393.0,1303.0,2832.0,948.0
E05000276,Northumberland Park,15811,3607,10809,1395,285.0,530.0,1215.0,4490.0,0.0,6530,5990,540.0,6005.0,1909.0,498.0,1411.0,3302.0,794.0
E05000277,St. Ann's,14371,2396,10674,1301,225.0,365.0,1900.0,3470.0,0.0,5960,5540,420.0,5558.0,1634.0,413.0,1221.0,2824.0,1100.0
E05000278,Seven Sisters,18171,4852,12004,1315,280.0,450.0,1840.0,3650.0,0.0,6240,5715,525.0,5730.0,1507.0,405.0,1102.0,3296.0,927.0
E05000279,Stroud Green,11134,1553,8386,1195,20.0,200.0,985.0,4280.0,0.0,5515,5065,450.0,5069.0,1754.0,415.0,1339.0,2677.0,638.0
E05000280,Tottenham Green,16492,2665,12249,1578,265.0,505.0,1715.0,4775.0,0.0,7250,6560,690.0,6586.0,2202.0,602.0,1600.0,3359.0,1025.0
E05000281,Tottenham Hale,19680,3830,14270,1580,340.0,545.0,1875.0,4625.0,10.0,7395,6935,470.0,6952.0,1954.0,506.0,1448.0,3938.0,1060.0
E05000282,West Green,13300,2225,9613,1462,185.0,430.0,1630.0,3235.0,50.0,5545,5200,350.0,5204.0,1552.0,403.0,1149.0,2797.0,855.0
E05000283,White Hart Lane,13335,2530,9423,1382,345.0,1075.0,2135.0,1585.0,0.0,5140,4890,245.0,4907.0,1289.0,434.0,855.0,2997.0,621.0
E05000284,Woodside,14621,2502,10622,1497,275.0,645.0,1580.0,3560.0,0.0,6070,5635,445.0,5654.0,1622.0,437.0,1185.0,3041.0,991.0
E05000285,Belmont,11422,2309,7149,1964,470.0,2790.0,135.0,350.0,0.0,3755,3610,140.0,3623.0,561.0,315.0,246.0,2479.0,583.0
E05000286,Canons,14067,2489,8841,2737,1095.0,1455.0,225.0,3055.0,0.0,5830,5375,455.0,5387.0,1474.0,747.0,727.0,3329.0,584.0
E05000287,Edgware,13033,2676,8742,1615,200.0,2170.0,550.0,1390.0,0.0,4315,3995,330.0,3994.0,763.0,312.0,451.0,2354.0,877.0
E05000288,Greenhill,16692,3204,11851,1637,250.0,910.0,530.0,5725.0,0.0,7460,6665,800.0,6680.0,2028.0,561.0,1467.0,3865.0,787.0
E05000289,Harrow on the Hill,12972,2644,8673,1655,455.0,930.0,845.0,2640.0,0.0,4875,4590,290.0,4579.0,1228.0,501.0,727.0,2803.0,548.0
E05000290,Harrow Weald,11881,2279,7381,2221,725.0,2015.0,605.0,965.0,0.0,4315,4165,140.0,4155.0,979.0,569.0,410.0,2656.0,520.0
E05000291,Hatch End,11188,2204,6570,2414,1295.0,1365.0,345.0,1145.0,0.0,4180,4005,175.0,4016.0,869.0,529.0,340.0,2744.0,403.0
E05000292,Headstone North,11323,2218,7115,1990,480.0,2405.0,395.0,680.0,0.0,3995,3850,130.0,3865.0,681.0,406.0,275.0,2710.0,474.0
E05000293,Headstone South,11958,2421,7952,1585,250.0,1470.0,795.0,1995.0,0.0,4500,4265,240.0,4264.0,929.0,332.0,597.0,2796.0,539.0
E05000294,Kenton East,11365,2066,7609,1690,175.0,1250.0,1430.0,725.0,0.0,3585,3465,120.0,3471.0,601.0,330.0,271.0,2069.0,801.0
E05000295,Kenton West,11323,1897,7313,2113,185.0,2325.0,600.0,495.0,0.0,3640,3455,185.0,3451.0,486.0,271.0,215.0,2163.0,802.0
E05000296,Marlborough,14201,3065,9467,1669,210.0,1420.0,910.0,2430.0,0.0,4955,4685,290.0,4689.0,1088.0,351.0,737.0,2825.0,776.0
E05000297,Pinner,10819,2079,6535,2205,1385.0,915.0,425.0,1640.0,0.0,4370,4145,225.0,4140.0,1094.0,591.0,503.0,2683.0,363.0
E05000298,Pinner South,11069,2447,6587,2035,925.0,1850.0,320.0,985.0,0.0,4095,3930,165.0,3930.0,783.0,468.0,315.0,2823.0,324.0
E05000299,Queensbury,12715,2534,8469,1712,175.0,2210.0,590.0,885.0,0.0,3875,3725,155.0,3728.0,584.0,279.0,305.0,2272.0,872.0
E05000300,Rayners Lane,11496,2222,7505,1769,290.0,1550.0,1295.0,795.0,0.0,3935,3790,135.0,3792.0,651.0,347.0,304.0,2589.0,552.0
E05000301,Roxbourne,14598,3252,9737,1609,195.0,1055.0,1710.0,2330.0,0.0,5300,5025,265.0,5032.0,1121.0,422.0,699.0,3307.0,604.0
E05000302,Roxeth,12041,2304,8081,1656,170.0,1980.0,910.0,970.0,0.0,4055,3890,155.0,3885.0,756.0,334.0,422.0,2476.0,653.0
E05000303,Stanmore Park,12567,2290,7503,2774,1155.0,1265.0,615.0,1935.0,0.0,4970,4605,355.0,4604.0,1215.0,615.0,600.0,2877.0,512.0
E05000304,Wealdstone,12803,2844,8454,1505,195.0,1255.0,1330.0,1660.0,0.0,4435,4205,235.0,4211.0,911.0,393.0,518.0,2667.0,633.0
E05000305,West Harrow,11666,2145,7886,1635,215.0,1845.0,775.0,1510.0,0.0,4350,4120,235.0,4134.0,1035.0,370.0,665.0,2544.0,555.0
E05000306,Brooklands,19268,4404,12617,2247,335.0,2110.0,1915.0,3295.0,0.0,7695,7185,505.0,7200.0,1907.0,614.0,1293.0,4545.0,748.0
E05000307,Cranham,12984,2429,7593,2962,815.0,2640.0,1160.0,695.0,15.0,5340,5145,185.0,5148.0,1277.0,847.0,430.0,3626.0,245.0
E05000308,Elm Park,13487,2665,8376,2446,150.0,2205.0,2095.0,995.0,0.0,5450,5235,215.0,5241.0,1354.0,746.0,608.0,3481.0,406.0
E05000309,Emerson Park,12345,2079,7388,2878,1940.0,1795.0,490.0,525.0,0.0,4755,4575,185.0,4583.0,1008.0,635.0,373.0,3174.0,401.0
E05000310,Gooshays,17208,4333,11017,1858,285.0,2240.0,2215.0,1905.0,10.0,6645,6310,340.0,6314.0,1684.0,616.0,1068.0,4064.0,566.0
E05000311,Hacton,12549,2113,7637,2799,245.0,3685.0,625.0,635.0,0.0,5200,5025,180.0,5016.0,1220.0,706.0,514.0,3518.0,278.0
E05000312,Harold Wood,15237,2860,9862,2515,640.0,2665.0,1425.0,1860.0,0.0,6590,6265,325.0,6262.0,1807.0,734.0,1073.0,4003.0,452.0
E05000313,Havering Park,14359,3080,8831,2448,505.0,2565.0,1200.0,1115.0,0.0,5405,5210,205.0,5212.0,1156.0,571.0,585.0,3625.0,431.0
E05000314,Heaton,15171,3645,9324,2202,395.0,1600.0,2335.0,1465.0,190.0,5990,5710,285.0,5707.0,1611.0,745.0,866.0,3539.0,557.0
E05000315,Hylands,13546,2383,8570,2593,735.0,2070.0,1855.0,810.0,0.0,5470,5155,310.0,5163.0,1215.0,671.0,544.0,3560.0,388.0
E05000316,Mawneys,14184,2947,8785,2452,500.0,2145.0,1965.0,980.0,0.0,5610,5370,240.0,5370.0,1297.0,737.0,560.0,3620.0,453.0
E05000317,Pettits,13510,2418,8021,3071,965.0,2845.0,910.0,535.0,0.0,5275,5025,255.0,5034.0,1084.0,712.0,372.0,3549.0,401.0
E05000318,Rainham and Wennington,13569,2755,8445,2369,955.0,2105.0,1500.0,845.0,0.0,5410,5115,290.0,5124.0,1283.0,676.0,607.0,3384.0,457.0
E05000319,Romford Town,17870,3474,12008,2388,550.0,2215.0,1415.0,3965.0,0.0,8140,7520,610.0,7563.0,2396.0,802.0,1594.0,4583.0,584.0
E05000320,St. Andrew's,13755,2335,8514,2906,420.0,2750.0,945.0,1900.0,0.0,6030,5740,290.0,5737.0,1688.0,994.0,694.0,3682.0,367.0
E05000321,South Hornchurch,15768,3451,10100,2217,785.0,1695.0,2090.0,1560.0,10.0,6145,5805,350.0,5807.0,1452.0,638.0,814.0,3785.0,570.0
E05000322,Squirrel's Heath,13861,2659,8745,2457,870.0,2050.0,1070.0,1970.0,0.0,5970,5650,315.0,5639.0,1529.0,650.0,879.0,3746.0,364.0
E05000323,Upminster,13349,2303,7768,3278,850.0,3545.0,270.0,725.0,20.0,5415,5160,255.0,5165.0,1150.0,738.0,412.0,3737.0,278.0
E05000324,Barnhill,14353,3272,9525,1556,235.0,2190.0,930.0,1245.0,0.0,4595,4430,165.0,4433.0,806.0,309.0,497.0,2819.0,808.0
E05000325,Botwell,19340,4384,13058,1898,380.0,2455.0,1075.0,3060.0,50.0,7030,6430,605.0,6467.0,1441.0,427.0,1014.0,4041.0,985.0
E05000326,Brunel,14378,2659,10130,1589,825.0,1615.0,980.0,1530.0,0.0,4955,4680,280.0,4678.0,1225.0,471.0,754.0,2827.0,626.0
E05000327,Cavendish,12026,2377,7613,2036,440.0,2475.0,970.0,865.0,0.0,4765,4585,175.0,4588.0,1063.0,559.0,504.0,3177.0,348.0
E05000328,Charville,13564,3037,8844,1683,220.0,2670.0,765.0,940.0,0.0,4590,4440,155.0,4437.0,913.0,397.0,516.0,2897.0,627.0
E05000329,Eastcote and East Ruislip,12698,2241,7534,2923,1825.0,1920.0,435.0,975.0,0.0,5180,4995,180.0,5000.0,1242.0,757.0,485.0,3414.0,344.0
E05000330,Harefield,7794,1416,4912,1466,510.0,1225.0,705.0,820.0,20.0,3300,3170,125.0,3177.0,940.0,442.0,498.0,2033.0,204.0
E05000331,Heathrow Villages,14039,2948,9740,1351,395.0,1695.0,905.0,2220.0,0.0,5225,4810,400.0,4816.0,1193.0,373.0,820.0,2756.0,867.0
E05000332,Hillingdon East,13563,3078,8723,1762,290.0,1635.0,2045.0,865.0,0.0,4840,4630,200.0,4639.0,916.0,465.0,451.0,3220.0,503.0
E05000333,Ickenham,10643,1991,6416,2236,1790.0,1635.0,225.0,525.0,0.0,4180,3965,205.0,3976.0,871.0,523.0,348.0,2784.0,321.0
E05000334,Manor,11878,2305,7605,1968,440.0,1300.0,2030.0,910.0,0.0,4680,4510,170.0,4520.0,1037.0,545.0,492.0,3111.0,372.0
E05000335,Northwood,11316,2015,6633,2668,1455.0,580.0,700.0,2340.0,0.0,5095,4750,350.0,4750.0,1515.0,729.0,786.0,2884.0,351.0
E05000336,Northwood Hills,12410,2460,7717,2233,1315.0,1550.0,565.0,1580.0,0.0,5015,4765,245.0,4773.0,1260.0,635.0,625.0,3110.0,403.0
E05000337,Pinkwell,15428,3484,10431,1513,330.0,2365.0,1190.0,1020.0,0.0,4915,4710,215.0,4716.0,854.0,316.0,538.0,2983.0,879.0
E05000338,South Ruislip,13368,2789,8887,1692,370.0,1910.0,1230.0,1600.0,0.0,5120,4915,210.0,4920.0,1108.0,453.0,655.0,3373.0,439.0
E05000339,Townfield,16743,4042,10997,1704,300.0,2040.0,1185.0,1920.0,0.0,5460,5190,285.0,5190.0,1100.0,430.0,670.0,3166.0,924.0
E05000340,Uxbridge North,15909,3173,10430,2306,1640.0,1680.0,880.0,2395.0,0.0,6615,6195,415.0,6200.0,1639.0,667.0,972.0,3971.0,590.0
E05000341,Uxbridge South,15279,2516,11202,1561,445.0,1585.0,975.0,2965.0,35.0,6015,5440,565.0,5451.0,1860.0,581.0,1279.0,2923.0,668.0
E05000342,West Drayton,18438,4270,12315,1853,590.0,2130.0,1430.0,2705.0,120.0,6990,6520,470.0,6522.0,1447.0,460.0,987.0,4319.0,756.0
E05000343,West Ruislip,12383,2333,7706,2344,1230.0,1180.0,945.0,2195.0,0.0,5565,5275,295.0,5259.0,1651.0,776.0,875.0,3279.0,329.0
E05000344,Yeading,14516,3540,9618,1358,450.0,1680.0,1285.0,1565.0,10.0,5010,4805,195.0,4808.0,1002.0,333.0,669.0,3095.0,711.0
E05000345,Yiewsley,15868,3733,10660,1475,285.0,1970.0,1190.0,2860.0,20.0,6340,5915,425.0,5921.0,1564.0,500.0,1064.0,3703.0,654.0
E05000346,Bedfont,14492,3218,9656,1618,250.0,2170.0,980.0,1845.0,0.0,5255,5090,155.0,5086.0,1317.0,467.0,850.0,3079.0,690.0
E05000347,Brentford,17289,3507,12006,1776,140.0,830.0,1515.0,5490.0,15.0,8040,7295,740.0,7308.0,2336.0,597.0,1739.0,4330.0,642.0
E05000348,Chiswick Homefields,11467,2032,7738,1697,140.0,950.0,1240.0,2830.0,15.0,5190,4810,380.0,4820.0,1517.0,512.0,1005.0,2831.0,472.0
E05000349,Chiswick Riverside,11609,2222,7591,1796,250.0,1010.0,1145.0,2860.0,0.0,5270,4940,325.0,4953.0,1517.0,603.0,914.0,3024.0,412.0
E05000350,Cranford,14526,2924,9937,1665,370.0,1465.0,1110.0,1715.0,0.0,4665,4470,205.0,4497.0,845.0,337.0,508.0,2660.0,992.0
E05000351,Feltham North,13556,2822,8936,1798,300.0,1720.0,1070.0,1525.0,25.0,4645,4435,200.0,4448.0,1094.0,573.0,521.0,2544.0,810.0
E05000352,Feltham West,16219,3709,11269,1241,200.0,1630.0,1665.0,2350.0,0.0,5845,5695,150.0,5685.0,1233.0,331.0,902.0,3794.0,658.0
E05000353,Hanworth,13608,3246,8829,1533,185.0,1485.0,1330.0,1890.0,0.0,4895,4740,160.0,4742.0,1156.0,454.0,702.0,2993.0,593.0
E05000354,Hanworth Park,13069,2710,8688,1671,370.0,1635.0,1085.0,1845.0,0.0,4935,4790,160.0,4780.0,1235.0,499.0,736.0,2936.0,609.0
E05000355,Heston Central,14540,3053,9742,1745,235.0,2155.0,535.0,1555.0,0.0,4485,4320,160.0,4320.0,844.0,315.0,529.0,2556.0,920.0
E05000356,Heston East,13880,2723,9372,1785,300.0,1855.0,695.0,1635.0,0.0,4500,4340,155.0,4349.0,809.0,299.0,510.0,2583.0,957.0
E05000357,Heston West,14162,3232,9295,1635,210.0,1605.0,865.0,1740.0,45.0,4460,4315,145.0,4321.0,875.0,380.0,495.0,2605.0,841.0
E05000358,Hounslow Central,19622,4252,13643,1727,330.0,1470.0,945.0,4640.0,0.0,7395,6770,620.0,6804.0,1573.0,482.0,1091.0,4045.0,1186.0
E05000359,Hounslow Heath,16081,3641,10890,1550,340.0,1670.0,1080.0,2200.0,0.0,5300,5100,200.0,5157.0,1103.0,363.0,740.0,3090.0,964.0
E05000360,Hounslow South,11831,2154,7873,1804,305.0,2275.0,915.0,720.0,0.0,4220,4090,135.0,4099.0,806.0,375.0,431.0,2685.0,608.0
E05000361,Hounslow West,16265,3316,11079,1870,300.0,1690.0,780.0,2430.0,15.0,5230,4950,280.0,4961.0,1070.0,410.0,660.0,2735.0,1156.0
E05000362,Isleworth,13431,2972,8885,1574,120.0,980.0,1400.0,2935.0,0.0,5455,5240,215.0,5253.0,1488.0,462.0,1026.0,3287.0,478.0
E05000363,Osterley and Spring Grove,14376,2697,9718,1961,445.0,1965.0,510.0,2475.0,0.0,5395,5135,265.0,5145.0,1176.0,372.0,804.0,3176.0,793.0
E05000364,Syon,16227,3189,11287,1751,135.0,800.0,1525.0,4490.0,65.0,7050,6720,325.0,6737.0,2138.0,627.0,1511.0,3967.0,632.0
E05000365,Turnham Green,11948,1877,8307,1764,140.0,690.0,1240.0,3785.0,0.0,5880,5450,435.0,5476.0,2081.0,718.0,1363.0,2871.0,524.0
E05000366,Barnsbury,11755,1593,8817,1345,30.0,135.0,850.0,5040.0,0.0,6095,5480,605.0,5496.0,2021.0,430.0,1591.0,2738.0,737.0
E05000367,Bunhill,15351,2169,11888,1294,0.0,0.0,120.0,8335.0,0.0,8525,7080,1450.0,7075.0,2833.0,547.0,2286.0,3383.0,859.0
E05000368,Caledonian,14860,2210,11245,1405,35.0,185.0,805.0,5975.0,30.0,7060,6370,695.0,6381.0,2332.0,530.0,1802.0,3038.0,1011.0
E05000369,Canonbury,11738,1947,8566,1225,35.0,310.0,555.0,5070.0,0.0,6005,5445,565.0,5439.0,1894.0,480.0,1414.0,2918.0,627.0
E05000370,Clerkenwell,10958,1439,8514,1005,15.0,20.0,345.0,5275.0,0.0,5725,4945,780.0,4940.0,1974.0,398.0,1576.0,2370.0,596.0
E05000371,Finsbury Park,16600,2588,12716,1296,10.0,110.0,805.0,6715.0,0.0,7720,6910,810.0,6912.0,2344.0,469.0,1875.0,3452.0,1116.0
E05000372,Highbury East,12338,2064,8974,1300,45.0,200.0,1190.0,4330.0,0.0,5785,5295,500.0,5298.0,1773.0,470.0,1303.0,2899.0,626.0
E05000373,Highbury West,16974,2733,12970,1271,55.0,190.0,1195.0,6945.0,0.0,8415,7770,650.0,7771.0,2751.0,463.0,2288.0,4059.0,961.0
E05000374,Hillrise,12064,2223,8504,1337,30.0,155.0,910.0,4340.0,0.0,5485,5105,375.0,5115.0,1670.0,462.0,1208.0,2819.0,626.0
E05000375,Holloway,16057,2201,12524,1332,35.0,215.0,575.0,6535.0,0.0,7425,6810,605.0,6807.0,2368.0,521.0,1847.0,3327.0,1112.0
E05000376,Junction,12529,1855,9328,1346,0.0,180.0,800.0,5245.0,0.0,6260,5720,550.0,5727.0,2194.0,550.0,1644.0,2749.0,784.0
E05000377,Mildmay,13506,2119,10304,1083,10.0,145.0,625.0,5475.0,0.0,6310,5810,505.0,5806.0,1971.0,408.0,1563.0,3017.0,818.0
E05000378,St. George's,12398,1931,9135,1332,20.0,155.0,675.0,5035.0,0.0,5950,5505,435.0,5511.0,1949.0,478.0,1471.0,2839.0,723.0
E05000379,St. Mary's,12046,1695,9138,1213,30.0,155.0,900.0,5255.0,0.0,6385,5705,680.0,5703.0,2099.0,450.0,1649.0,2884.0,720.0
E05000380,St. Peter's,14001,2081,10627,1293,35.0,215.0,1375.0,5550.0,0.0,7215,6465,750.0,6475.0,2407.0,467.0,1940.0,3333.0,735.0
E05000381,Tollington,13429,2124,10063,1242,25.0,165.0,1035.0,5290.0,0.0,6570,6055,505.0,6060.0,2220.0,510.0,1710.0,2916.0,924.0
E05000400,Alexandra,9681,1966,6075,1640,345.0,1950.0,710.0,595.0,30.0,3655,3505,145.0,3504.0,719.0,388.0,331.0,2442.0,343.0
E05000401,Berrylands,9759,1653,6589,1517,505.0,1150.0,460.0,2500.0,0.0,4615,4375,245.0,4430.0,1654.0,586.0,1068.0,2452.0,324.0
E05000402,Beverley,11346,2313,7413,1620,425.0,1450.0,990.0,1555.0,0.0,4435,4235,195.0,4249.0,1124.0,439.0,685.0,2765.0,360.0
E05000403,Canbury,14108,3220,9514,1374,765.0,1345.0,720.0,3365.0,0.0,6215,5730,490.0,5748.0,1581.0,478.0,1103.0,3756.0,411.0
E05000404,Chessington North and Hook,9181,1859,5864,1458,220.0,1650.0,995.0,605.0,15.0,3495,3405,75.0,3423.0,782.0,428.0,354.0,2321.0,320.0
E05000405,Chessington South,10442,2033,6778,1631,510.0,1175.0,1585.0,925.0,0.0,4195,4075,115.0,4078.0,1007.0,451.0,556.0,2753.0,318.0
E05000406,Coombe Hill,10083,1864,6349,1870,1145.0,655.0,455.0,1650.0,0.0,3925,3645,290.0,3656.0,882.0,404.0,478.0,2321.0,453.0
E05000407,Coombe Vale,9934,2094,6284,1556,625.0,1610.0,700.0,795.0,0.0,3745,3610,125.0,3609.0,731.0,365.0,366.0,2546.0,332.0
E05000408,Grove,11784,1646,8904,1234,345.0,995.0,430.0,3705.0,0.0,5485,5040,445.0,5072.0,1834.0,524.0,1310.0,2637.0,601.0
E05000409,Norbiton,11193,2412,7682,1099,310.0,1300.0,635.0,2210.0,0.0,4455,4160,290.0,4167.0,1088.0,329.0,759.0,2559.0,520.0
E05000410,Old Malden,9692,1822,6020,1850,685.0,1670.0,630.0,695.0,0.0,3690,3600,95.0,3599.0,794.0,399.0,395.0,2476.0,329.0
E05000411,St. James,9281,1728,5696,1857,805.0,1400.0,690.0,525.0,0.0,3420,3285,125.0,3304.0,732.0,427.0,305.0,2205.0,367.0
E05000412,St. Mark's,10311,1427,7856,1028,200.0,835.0,430.0,3330.0,10.0,4800,4510,295.0,4549.0,1693.0,429.0,1264.0,2516.0,340.0
E05000413,Surbiton Hill,10897,2129,7268,1500,775.0,920.0,335.0,2800.0,0.0,4840,4595,240.0,4611.0,1397.0,406.0,991.0,2891.0,323.0
E05000414,Tolworth and Hook Rise,10609,2184,6929,1496,265.0,1875.0,960.0,970.0,0.0,4080,3950,130.0,3951.0,891.0,401.0,490.0,2659.0,401.0
E05000415,Tudor,9786,2258,5932,1596,700.0,1345.0,900.0,895.0,0.0,3840,3670,170.0,3670.0,811.0,438.0,373.0,2630.0,229.0
E05000416,Bishop's,10287,1069,8191,1027,0.0,80.0,430.0,5400.0,0.0,5940,4505,1430.0,4519.0,1847.0,411.0,1436.0,1955.0,717.0
E05000417,Brixton Hill,16123,2117,12873,1133,100.0,295.0,1275.0,5565.0,0.0,7240,6755,505.0,6752.0,2069.0,397.0,1672.0,3204.0,1479.0
E05000418,Clapham Common,12842,1831,9968,1043,80.0,485.0,1110.0,4310.0,0.0,6000,5495,505.0,5505.0,1613.0,388.0,1225.0,2649.0,1243.0
E05000419,Clapham Town,14148,1745,11141,1262,75.0,350.0,1130.0,5230.0,0.0,6805,6320,480.0,6324.0,2046.0,452.0,1594.0,2978.0,1300.0
E05000420,Coldharbour,18071,2856,13957,1258,75.0,445.0,960.0,6435.0,0.0,7945,7525,420.0,7523.0,2597.0,521.0,2076.0,3491.0,1435.0
E05000421,Ferndale,16098,1600,13353,1145,50.0,235.0,975.0,6220.0,0.0,7520,7065,455.0,7124.0,2333.0,430.0,1903.0,2961.0,1830.0
E05000422,Gipsy Hill,14264,2999,9953,1312,140.0,915.0,1245.0,4280.0,0.0,6580,6030,560.0,6036.0,1883.0,471.0,1412.0,3590.0,563.0
E05000423,Herne Hill,15927,2554,12077,1296,210.0,595.0,1415.0,4730.0,0.0,6960,6490,470.0,6515.0,1902.0,437.0,1465.0,3448.0,1165.0
E05000424,Knight's Hill,14646,2970,10187,1489,205.0,1090.0,1180.0,3915.0,0.0,6405,5985,430.0,5981.0,1845.0,483.0,1362.0,3453.0,683.0
E05000425,Larkhall,17484,2450,13881,1153,40.0,215.0,770.0,6810.0,0.0,7885,7280,620.0,7280.0,2130.0,389.0,1741.0,3456.0,1694.0
E05000426,Oval,17003,1792,13836,1375,0.0,135.0,720.0,8430.0,0.0,9355,7910,1450.0,7945.0,3036.0,563.0,2473.0,3397.0,1512.0
E05000427,Prince's,15800,2431,11735,1634,10.0,110.0,855.0,7235.0,0.0,8265,7205,1075.0,7207.0,2762.0,673.0,2089.0,3386.0,1059.0
E05000428,St. Leonard's,15812,2682,11770,1360,360.0,680.0,830.0,4995.0,0.0,6880,6510,370.0,6535.0,2001.0,404.0,1597.0,3470.0,1064.0
E05000429,Stockwell,15402,2294,11846,1262,65.0,210.0,480.0,6095.0,0.0,6900,6480,425.0,6556.0,2140.0,412.0,1728.0,3237.0,1179.0
E05000430,Streatham Hill,15376,2411,11698,1267,135.0,960.0,650.0,5165.0,0.0,6925,6500,425.0,6488.0,2017.0,405.0,1612.0,3319.0,1152.0
E05000431,Streatham South,14686,2624,10238,1824,265.0,1165.0,2185.0,2045.0,10.0,5660,5325,340.0,5356.0,1413.0,465.0,948.0,3013.0,930.0
E05000432,Streatham Wells,15395,2611,11328,1456,185.0,920.0,705.0,5015.0,0.0,6865,6415,445.0,6434.0,1941.0,505.0,1436.0,3472.0,1021.0
E05000433,Thornton,12795,2050,9686,1059,95.0,325.0,910.0,4385.0,0.0,5760,5325,445.0,5315.0,1515.0,365.0,1150.0,2819.0,981.0
E05000434,Thurlow Park,14127,2578,10045,1504,165.0,785.0,1370.0,3975.0,0.0,6315,5945,360.0,5969.0,1812.0,508.0,1304.0,3448.0,709.0
E05000435,Tulse Hill,15498,2765,11611,1122,25.0,415.0,1035.0,5375.0,0.0,6900,6380,525.0,6395.0,1913.0,400.0,1513.0,3288.0,1194.0
E05000436,Vassall,15888,2284,12323,1281,135.0,385.0,895.0,5850.0,0.0,7275,6870,400.0,6901.0,2339.0,451.0,1888.0,3390.0,1172.0
E05000437,Bellingham,16002,3592,10797,1613,175.0,1400.0,1915.0,3265.0,0.0,6780,6380,410.0,6402.0,2047.0,612.0,1435.0,3723.0,632.0
E05000438,Blackheath,14558,2473,10460,1625,275.0,625.0,1110.0,5095.0,0.0,7105,6585,525.0,6589.0,2226.0,550.0,1676.0,3748.0,615.0
E05000439,Brockley,19783,3102,15272,1409,170.0,595.0,1590.0,6810.0,0.0,9185,8330,850.0,8354.0,2695.0,492.0,2203.0,4423.0,1236.0
E05000440,Catford South,15668,3018,10612,2038,230.0,1490.0,2415.0,2000.0,0.0,6115,5680,440.0,5698.0,1499.0,483.0,1016.0,3440.0,759.0
E05000441,Crofton Park,15429,3097,10805,1527,220.0,845.0,2595.0,2940.0,0.0,6610,6185,440.0,6202.0,1666.0,483.0,1183.0,3783.0,753.0
E05000442,Downham,15731,3495,10426,1810,260.0,1305.0,3235.0,1490.0,0.0,6285,6020,260.0,6026.0,1654.0,639.0,1015.0,3785.0,587.0
E05000443,Evelyn,21392,3767,16408,1217,115.0,335.0,1005.0,8095.0,0.0,9610,8885,720.0,8885.0,2811.0,439.0,2372.0,4777.0,1297.0
E05000444,Forest Hill,15179,3040,10616,1523,380.0,955.0,1010.0,4575.0,0.0,6930,6410,530.0,6405.0,1915.0,467.0,1448.0,3829.0,661.0
E05000445,Grove Park,15290,3046,10225,2019,315.0,1710.0,1960.0,2535.0,0.0,6525,6140,385.0,6148.0,1817.0,671.0,1146.0,3706.0,625.0
E05000446,Ladywell,12311,2332,8710,1269,195.0,765.0,1840.0,2315.0,0.0,5135,4795,330.0,4802.0,1256.0,333.0,923.0,2879.0,667.0
E05000447,Lee Green,15017,3151,10189,1677,240.0,905.0,2225.0,3105.0,0.0,6490,6130,350.0,6139.0,1761.0,578.0,1183.0,3809.0,569.0
E05000448,Lewisham Central,22871,3934,17322,1615,125.0,640.0,1735.0,8395.0,0.0,10930,9955,985.0,9961.0,3377.0,553.0,2824.0,5379.0,1205.0
E05000449,New Cross,19179,3361,14621,1197,140.0,485.0,1460.0,6255.0,0.0,8370,7745,625.0,7785.0,2541.0,381.0,2160.0,3937.0,1307.0
E05000450,Perry Vale,15947,3294,11016,1637,230.0,810.0,1940.0,3965.0,0.0,6960,6555,400.0,6562.0,1935.0,560.0,1375.0,3958.0,669.0
E05000451,Rushey Green,16967,3364,12115,1488,220.0,805.0,1745.0,4835.0,0.0,7615,6965,645.0,6971.0,2310.0,486.0,1824.0,3741.0,920.0
E05000452,Sydenham,16394,3319,11056,2019,225.0,715.0,1700.0,4760.0,0.0,7410,6860,555.0,6876.0,2182.0,728.0,1454.0,4051.0,643.0
E05000453,Telegraph Hill,16910,3023,12553,1334,65.0,635.0,1525.0,5000.0,0.0,7265,6710,555.0,6760.0,1883.0,385.0,1498.0,3786.0,1091.0
E05000454,Whitefoot,15888,3727,10545,1616,280.0,1460.0,2200.0,2185.0,0.0,6145,5805,325.0,5834.0,1575.0,530.0,1045.0,3584.0,675.0
E05000455,Abbey,10794,1964,7892,938,80.0,425.0,1770.0,2690.0,0.0,4975,4580,400.0,4585.0,1341.0,394.0,947.0,2722.0,522.0
E05000456,Cannon Hill,9793,1925,6247,1621,80.0,1210.0,1730.0,615.0,0.0,3645,3520,125.0,3524.0,728.0,409.0,319.0,2356.0,440.0
E05000457,Colliers Wood,11558,1711,8764,1083,130.0,705.0,1105.0,3160.0,0.0,5110,4760,355.0,4756.0,1282.0,272.0,1010.0,2714.0,760.0
E05000458,Cricket Green,12610,2785,8414,1411,195.0,700.0,1490.0,2360.0,0.0,4755,4585,170.0,4581.0,1210.0,449.0,761.0,2755.0,616.0
E05000459,Dundonald,10057,2152,6854,1051,130.0,720.0,1850.0,1600.0,0.0,4310,4040,275.0,4030.0,978.0,351.0,627.0,2656.0,396.0
E05000460,Figge's Marsh,12405,2724,8369,1312,205.0,605.0,1380.0,2515.0,0.0,4730,4415,300.0,4435.0,1126.0,390.0,736.0,2611.0,698.0
E05000461,Graveney,10264,1805,7235,1224,215.0,435.0,1910.0,1300.0,0.0,3860,3620,230.0,3629.0,814.0,275.0,539.0,2040.0,775.0
E05000462,Hillside,9078,1469,6154,1455,320.0,595.0,500.0,3170.0,0.0,4595,4135,465.0,4154.0,1468.0,577.0,891.0,2327.0,359.0
E05000463,Lavender Fields,11448,2208,8268,972,200.0,810.0,1570.0,1855.0,0.0,4445,4265,180.0,4270.0,1092.0,268.0,824.0,2511.0,667.0
E05000464,Longthornton,11574,2382,7804,1388,185.0,855.0,2145.0,990.0,0.0,4185,3980,205.0,3985.0,873.0,319.0,554.0,2457.0,655.0
E05000465,Lower Morden,9396,1795,6013,1588,65.0,800.0,1900.0,770.0,0.0,3550,3440,105.0,3446.0,714.0,380.0,334.0,2392.0,340.0
E05000466,Merton Park,9914,1987,6242,1685,210.0,1220.0,1175.0,1285.0,0.0,3910,3695,205.0,3704.0,827.0,430.0,397.0,2432.0,445.0
E05000467,Pollards Hill,11981,2626,8030,1325,185.0,980.0,1875.0,1115.0,0.0,4150,4020,130.0,4014.0,879.0,309.0,570.0,2466.0,669.0
E05000468,Ravensbury,10752,2167,7212,1373,275.0,1035.0,1505.0,1240.0,0.0,4050,3875,175.0,3881.0,938.0,369.0,569.0,2416.0,527.0
E05000469,Raynes Park,10302,2081,6682,1539,430.0,1075.0,660.0,2375.0,0.0,4530,4205,315.0,4217.0,1203.0,432.0,771.0,2694.0,320.0
E05000470,St. Helier,11972,2452,8117,1403,100.0,905.0,2095.0,1345.0,0.0,4450,4295,150.0,4299.0,1065.0,419.0,646.0,2670.0,564.0
E05000471,Trinity,10202,1914,7297,991,105.0,655.0,1405.0,2420.0,0.0,4595,4270,320.0,4280.0,1176.0,319.0,857.0,2660.0,444.0
E05000472,Village,8475,1454,5042,1979,1325.0,590.0,545.0,1370.0,0.0,3855,3450,405.0,3449.0,926.0,470.0,456.0,2238.0,285.0
E05000473,West Barnes,10619,2167,6896,1556,140.0,980.0,1930.0,1010.0,0.0,4075,3885,185.0,3891.0,847.0,379.0,468.0,2615.0,429.0
E05000474,Wimbledon Park,11984,2648,8156,1180,215.0,685.0,1800.0,2125.0,10.0,4860,4600,260.0,4592.0,987.0,301.0,686.0,3106.0,499.0
E05000475,Beckton,17582,3452,12851,1279,430.0,1160.0,1675.0,3410.0,0.0,6690,6215,470.0,6206.0,1570.0,364.0,1206.0,3675.0,961.0
E05000476,Boleyn,18529,4408,12764,1357,420.0,565.0,2295.0,2600.0,0.0,5890,5595,285.0,5612.0,1172.0,365.0,807.0,3397.0,1043.0
E05000477,Canning Town North,17186,3360,12564,1262,270.0,605.0,1600.0,4160.0,0.0,6645,6135,525.0,6126.0,1615.0,399.0,1216.0,3445.0,1066.0
E05000478,Canning Town South,20245,3745,15314,1186,245.0,500.0,1290.0,6925.0,0.0,8990,8090,915.0,8096.0,2350.0,416.0,1934.0,4457.0,1289.0
E05000479,Custom House,14336,3077,10125,1134,430.0,955.0,1705.0,2055.0,0.0,5135,4910,220.0,4927.0,1181.0,310.0,871.0,2850.0,896.0
E05000480,East Ham Central,16175,3764,10975,1436,360.0,555.0,2285.0,1705.0,0.0,4925,4585,335.0,4589.0,861.0,313.0,548.0,2648.0,1080.0
E05000481,East Ham North,14870,3361,10118,1391,290.0,430.0,1945.0,1350.0,0.0,4020,3835,185.0,3839.0,590.0,213.0,377.0,2180.0,1069.0
E05000482,East Ham South,17075,4457,11416,1202,310.0,700.0,2390.0,1870.0,0.0,5280,5025,250.0,5018.0,957.0,292.0,665.0,3148.0,913.0
E05000483,Forest Gate North,15785,3097,11387,1301,265.0,625.0,2165.0,2860.0,0.0,5925,5535,385.0,5541.0,1402.0,363.0,1039.0,3118.0,1021.0
E05000484,Forest Gate South,17262,3438,12445,1379,290.0,620.0,1545.0,3795.0,0.0,6275,5745,535.0,5801.0,1593.0,353.0,1240.0,3057.0,1151.0
E05000485,Green Street East,16466,4122,11142,1202,395.0,520.0,2025.0,1600.0,0.0,4555,4290,265.0,4293.0,635.0,219.0,416.0,2488.0,1170.0
E05000486,Green Street West,15798,3553,10855,1390,350.0,515.0,1915.0,1625.0,0.0,4405,4105,295.0,4138.0,731.0,226.0,505.0,2187.0,1220.0
E05000487,Little Ilford,17321,4718,11382,1221,325.0,565.0,1890.0,2555.0,0.0,5345,5015,320.0,5016.0,1006.0,315.0,691.0,3136.0,874.0
E05000488,Manor Park,15138,3552,10287,1299,240.0,460.0,1905.0,2205.0,0.0,4815,4530,280.0,4542.0,917.0,302.0,615.0,2685.0,940.0
E05000489,Plaistow North,16114,3479,11207,1428,280.0,585.0,1705.0,2885.0,0.0,5440,5175,260.0,5181.0,1363.0,393.0,970.0,2757.0,1061.0
E05000490,Plaistow South,17716,4164,12282,1270,510.0,745.0,2815.0,1790.0,0.0,5850,5595,265.0,5599.0,1174.0,297.0,877.0,3344.0,1081.0
E05000491,Royal Docks,18330,3503,14201,626,105.0,285.0,820.0,7760.0,0.0,9040,7720,1325.0,7726.0,2189.0,206.0,1983.0,4548.0,989.0
E05000492,Stratford and New Town,33941,5152,27424,1365,205.0,480.0,1850.0,12895.0,75.0,15610,13615,1990.0,13629.0,3732.0,477.0,3255.0,7056.0,2841.0
E05000493,Wall End,15447,3608,10713,1126,385.0,720.0,2160.0,1190.0,0.0,4470,4285,175.0,4294.0,639.0,198.0,441.0,2623.0,1032.0
E05000494,West Ham,15703,2841,11537,1325,260.0,525.0,1915.0,2995.0,0.0,5700,5325,375.0,5323.0,1354.0,350.0,1004.0,2809.0,1160.0
E05000516,Barnes,10137,1922,6331,1884,285.0,1275.0,1015.0,1915.0,0.0,4495,4175,315.0,4184.0,1240.0,587.0,653.0,2654.0,290.0
E05000517,East Sheen,10673,2523,6395,1755,485.0,1180.0,1360.0,1285.0,0.0,4310,4115,200.0,4122.0,1043.0,486.0,557.0,2826.0,253.0
E05000518,Fulwell and Hampton Hill,10727,2251,6823,1653,440.0,1115.0,1405.0,1675.0,0.0,4630,4440,195.0,4439.0,1287.0,527.0,760.0,2931.0,221.0
E05000519,"Ham, Petersham and Richmond Riverside",10830,2457,6558,1815,485.0,765.0,1395.0,2110.0,0.0,4760,4400,350.0,4391.0,1349.0,644.0,705.0,2747.0,295.0
E05000520,Hampton,10306,1959,6333,2014,780.0,1300.0,1010.0,1265.0,60.0,4430,4255,165.0,4259.0,1168.0,549.0,619.0,2863.0,228.0
E05000521,Hampton North,9711,1893,6001,1817,645.0,1160.0,1255.0,1140.0,10.0,4215,4095,120.0,4099.0,1305.0,577.0,728.0,2519.0,275.0
E05000522,Hampton Wick,10752,2037,6898,1817,540.0,830.0,875.0,2680.0,25.0,4945,4635,320.0,4622.0,1456.0,554.0,902.0,2936.0,230.0
E05000523,Heathfield,11089,2323,6975,1791,300.0,2300.0,450.0,1040.0,0.0,4090,3980,110.0,3981.0,925.0,456.0,469.0,2628.0,428.0
E05000524,Kew,11846,2222,7694,1930,435.0,1070.0,1230.0,2640.0,0.0,5400,4995,400.0,4999.0,1476.0,561.0,915.0,3213.0,310.0
E05000525,Mortlake and Barnes Common,11372,2447,7309,1616,180.0,605.0,1750.0,2695.0,0.0,5240,4940,300.0,4936.0,1588.0,633.0,955.0,3008.0,340.0
E05000526,North Richmond,11580,2393,7532,1655,160.0,1150.0,1565.0,2365.0,0.0,5250,4940,315.0,4940.0,1485.0,603.0,882.0,3150.0,305.0
E05000527,St. Margarets and North Twickenham,11954,2571,7952,1431,455.0,1160.0,1215.0,2205.0,25.0,5065,4795,270.0,4805.0,1246.0,430.0,816.0,3261.0,298.0
E05000528,South Richmond,11074,1982,7220,1872,420.0,730.0,1130.0,3305.0,0.0,5580,5030,560.0,5040.0,1822.0,709.0,1113.0,2936.0,282.0
E05000529,South Twickenham,10620,2031,7049,1540,265.0,1030.0,1490.0,1525.0,35.0,4360,4165,195.0,4166.0,1208.0,501.0,707.0,2711.0,247.0
E05000530,Teddington,10564,1890,6761,1913,360.0,1020.0,1285.0,2510.0,0.0,5170,4725,450.0,4711.0,1598.0,660.0,938.0,2885.0,228.0
E05000531,Twickenham Riverside,10994,2045,7225,1724,220.0,755.0,1005.0,3205.0,45.0,5250,4855,400.0,4852.0,1678.0,584.0,1094.0,2884.0,290.0
E05000532,West Twickenham,11307,2613,7220,1474,155.0,1360.0,1740.0,1180.0,0.0,4455,4325,130.0,4322.0,1012.0,451.0,561.0,3007.0,303.0
E05000533,Whitton,9761,1870,6138,1753,325.0,1830.0,920.0,855.0,0.0,3935,3790,145.0,3790.0,978.0,521.0,457.0,2479.0,333.0
E05000555,Beddington North,10840,2180,6972,1688,300.0,1795.0,1405.0,660.0,0.0,4175,4090,75.0,4098.0,941.0,430.0,511.0,2841.0,316.0
E05000556,Beddington South,11426,2389,7160,1877,1060.0,1050.0,830.0,1400.0,0.0,4365,4265,85.0,4266.0,1082.0,438.0,644.0,2792.0,392.0
E05000557,Belmont,10830,2218,6687,1925,1000.0,845.0,630.0,2090.0,0.0,4570,4400,165.0,4402.0,1301.0,529.0,772.0,2823.0,278.0
E05000558,Carshalton Central,10804,2233,6866,1705,555.0,1745.0,720.0,1485.0,0.0,4495,4355,130.0,4365.0,1181.0,533.0,648.0,2935.0,249.0
E05000559,Carshalton South and Clockhouse,10369,2183,6311,1875,940.0,1675.0,460.0,745.0,0.0,3815,3740,60.0,3734.0,664.0,354.0,310.0,2838.0,232.0
E05000560,Cheam,10807,1991,6440,2376,1555.0,905.0,730.0,1000.0,0.0,4190,4085,110.0,4089.0,969.0,558.0,411.0,2799.0,321.0
E05000561,Nonsuch,10752,2139,6543,2070,370.0,1855.0,1100.0,830.0,0.0,4165,4040,115.0,4044.0,937.0,574.0,363.0,2806.0,301.0
E05000562,St. Helier,12644,2839,8467,1338,165.0,840.0,2715.0,975.0,0.0,4690,4565,110.0,4571.0,1075.0,425.0,650.0,3047.0,449.0
E05000563,Stonecot,11329,2256,7158,1915,125.0,2030.0,1395.0,575.0,0.0,4130,4005,115.0,4003.0,764.0,439.0,325.0,2894.0,345.0
E05000564,Sutton Central,14600,3230,9943,1427,145.0,780.0,1235.0,4465.0,0.0,6645,6265,385.0,6268.0,2058.0,617.0,1441.0,3730.0,480.0
E05000565,Sutton North,11292,2423,7009,1860,295.0,1570.0,1185.0,1320.0,0.0,4380,4245,130.0,4247.0,1024.0,556.0,468.0,2871.0,352.0
E05000566,Sutton South,11041,2172,7106,1763,385.0,360.0,350.0,4175.0,0.0,5295,5005,290.0,5031.0,1953.0,763.0,1190.0,2783.0,295.0
E05000567,Sutton West,11425,2289,7447,1689,425.0,1175.0,740.0,2545.0,0.0,4900,4715,160.0,4757.0,1446.0,549.0,897.0,2972.0,339.0
E05000568,The Wrythe,11557,2529,7525,1503,105.0,1445.0,1405.0,1715.0,0.0,4660,4490,175.0,4494.0,1143.0,489.0,654.0,3060.0,291.0
E05000569,Wallington North,11959,2540,7701,1718,265.0,1665.0,845.0,2215.0,0.0,4985,4835,150.0,4845.0,1376.0,519.0,857.0,3162.0,307.0
E05000570,Wallington South,11054,2281,6762,2011,560.0,1005.0,590.0,2725.0,0.0,4880,4625,245.0,4651.0,1587.0,771.0,816.0,2773.0,291.0
E05000571,Wandle Valley,14046,3270,9598,1178,210.0,830.0,2475.0,2215.0,0.0,5725,5485,235.0,5492.0,1479.0,414.0,1065.0,3612.0,401.0
E05000572,Worcester Park,12851,2801,8225,1825,360.0,1820.0,1725.0,1270.0,0.0,5165,4995,180.0,4992.0,1216.0,543.0,673.0,3431.0,345.0
E05000590,Cann Hall,14055,2964,9963,1128,215.0,550.0,2415.0,2020.0,0.0,5195,4830,370.0,4840.0,1212.0,365.0,847.0,2750.0,878.0
E05000591,Cathall,12747,2287,9361,1099,255.0,515.0,1960.0,2275.0,0.0,5000,4635,360.0,4635.0,1249.0,365.0,884.0,2550.0,836.0
E05000592,Chapel End,14591,3321,10119,1151,210.0,670.0,2840.0,1705.0,0.0,5440,5225,205.0,5208.0,1192.0,342.0,850.0,3329.0,687.0
E05000593,Chingford Green,10758,1927,6485,2346,290.0,1765.0,955.0,1635.0,0.0,4660,4460,180.0,4470.0,1423.0,777.0,646.0,2748.0,299.0
E05000594,Endlebury,11352,2168,7195,1989,210.0,2225.0,735.0,1295.0,0.0,4460,4295,150.0,4305.0,1117.0,540.0,577.0,2788.0,400.0
E05000595,Forest,13790,2963,9416,1411,240.0,575.0,1940.0,2055.0,0.0,4805,4575,225.0,4590.0,1115.0,328.0,787.0,2690.0,785.0
E05000596,Grove Green,14746,2638,10969,1139,155.0,450.0,2080.0,3080.0,0.0,5785,5485,315.0,5487.0,1276.0,296.0,980.0,3204.0,1007.0
E05000597,Hale End and Highams Park,12831,2741,8651,1439,165.0,1085.0,2015.0,1415.0,0.0,4685,4585,100.0,4594.0,966.0,329.0,637.0,3162.0,466.0
E05000598,Hatch Lane,11661,2285,7532,1844,235.0,1745.0,1200.0,1490.0,0.0,4670,4545,110.0,4551.0,1252.0,549.0,703.0,2936.0,363.0
E05000599,High Street,15179,2888,11090,1201,180.0,320.0,1900.0,3860.0,0.0,6290,5925,365.0,5944.0,1612.0,379.0,1233.0,3468.0,864.0
E05000600,Higham Hill,15493,3556,10788,1149,265.0,865.0,2230.0,2345.0,0.0,5710,5465,260.0,5464.0,1266.0,369.0,897.0,3460.0,738.0
E05000601,Hoe Street,14315,2761,10200,1354,150.0,540.0,1455.0,3915.0,25.0,6115,5810,305.0,5809.0,1782.0,448.0,1334.0,3323.0,704.0
E05000602,Larkswood,13123,2683,8511,1929,190.0,1320.0,2000.0,1635.0,0.0,5135,4955,175.0,4953.0,1370.0,605.0,765.0,3042.0,541.0
E05000603,Lea Bridge,17051,3325,12274,1452,260.0,545.0,1970.0,3675.0,0.0,6450,6020,430.0,6034.0,1560.0,340.0,1220.0,3416.0,1058.0
E05000604,Leyton,15996,3352,11385,1259,220.0,550.0,1670.0,3695.0,0.0,6135,5865,270.0,5880.0,1647.0,393.0,1254.0,3370.0,863.0
E05000605,Leytonstone,12247,2061,8884,1302,150.0,560.0,1480.0,2970.0,0.0,5175,4805,365.0,4811.0,1361.0,324.0,1037.0,2735.0,715.0
E05000606,Markhouse,15488,3211,11066,1211,295.0,505.0,2470.0,2405.0,0.0,5675,5460,215.0,5463.0,1327.0,301.0,1026.0,3225.0,911.0
E05000607,Valley,12701,2646,8328,1727,255.0,1065.0,2050.0,1330.0,0.0,4700,4515,190.0,4515.0,1118.0,504.0,614.0,2823.0,574.0
E05000608,William Morris,15722,3091,11544,1087,190.0,585.0,2155.0,3460.0,0.0,6395,5960,430.0,5964.0,1458.0,332.0,1126.0,3629.0,877.0
E05000609,Wood Street,14550,3382,10004,1164,145.0,720.0,1630.0,3170.0,0.0,5655,5395,260.0,5394.0,1395.0,372.0,1023.0,3388.0,611.0
E05000610,Balham,15357,2433,11539,1385,90.0,645.0,1935.0,4255.0,0.0,6950,6400,555.0,6421.0,1773.0,440.0,1333.0,3358.0,1290.0
E05000611,Bedford,14143,1951,10898,1294,20.0,400.0,1280.0,4955.0,0.0,6720,6175,530.0,6225.0,2018.0,468.0,1550.0,3044.0,1163.0
E05000612,Earlsfield,16256,2703,12413,1140,65.0,315.0,1970.0,4845.0,10.0,7220,6825,390.0,6834.0,2107.0,408.0,1699.0,3721.0,1006.0
E05000613,East Putney,16360,2253,12376,1731,280.0,580.0,865.0,6380.0,0.0,8110,7425,680.0,7435.0,2459.0,721.0,1738.0,3909.0,1067.0
E05000614,Fairfield,15221,1971,12020,1230,45.0,335.0,1420.0,5820.0,0.0,7665,6940,715.0,6962.0,2160.0,425.0,1735.0,3644.0,1158.0
E05000615,Furzedown,16138,3130,11180,1828,220.0,830.0,1985.0,3310.0,0.0,6350,6015,340.0,6020.0,1607.0,563.0,1044.0,3511.0,902.0
E05000616,Graveney,15504,2606,11436,1462,160.0,515.0,2320.0,3690.0,0.0,6700,6290,410.0,6299.0,1677.0,476.0,1201.0,3411.0,1211.0
E05000617,Latchmere,16703,2958,12342,1403,40.0,185.0,930.0,6385.0,0.0,7590,6985,595.0,6987.0,2252.0,599.0,1653.0,3643.0,1092.0
E05000618,Nightingale,14772,2140,11072,1560,175.0,655.0,1575.0,4360.0,0.0,6775,6270,505.0,6308.0,1930.0,473.0,1457.0,3338.0,1040.0
E05000619,Northcote,15367,3122,11156,1089,50.0,435.0,2100.0,3950.0,0.0,6580,6070,510.0,6087.0,1486.0,350.0,1136.0,3562.0,1039.0
E05000620,Queenstown,22872,3292,18020,1560,30.0,90.0,555.0,12650.0,25.0,13465,10690,2780.0,10694.0,3772.0,587.0,3185.0,5288.0,1634.0
E05000621,Roehampton and Putney Heath,16899,3547,11646,1706,285.0,250.0,610.0,5060.0,0.0,6230,5865,375.0,5861.0,1760.0,671.0,1089.0,3252.0,849.0
E05000622,St. Mary's Park,19126,2657,14239,2230,40.0,335.0,680.0,9295.0,20.0,10450,8885,1560.0,8890.0,3170.0,793.0,2377.0,4341.0,1379.0
E05000623,Shaftesbury,14784,2084,11391,1309,65.0,270.0,2570.0,3845.0,0.0,6775,6430,355.0,6445.0,1820.0,487.0,1333.0,3299.0,1326.0
E05000624,Southfields,18264,3373,13312,1579,20.0,350.0,2590.0,5145.0,0.0,8170,7755,415.0,7748.0,2167.0,561.0,1606.0,4660.0,921.0
E05000625,Thamesfield,16723,2559,12330,1834,135.0,645.0,1870.0,5525.0,25.0,8255,7425,835.0,7451.0,2224.0,596.0,1628.0,4243.0,984.0
E05000626,Tooting,15751,2298,11934,1519,120.0,610.0,2360.0,3460.0,0.0,6555,6060,505.0,6071.0,1514.0,460.0,1054.0,3043.0,1514.0
E05000627,Wandsworth Common,14711,2730,10523,1458,180.0,1015.0,1695.0,2975.0,0.0,5890,5545,340.0,5559.0,1381.0,421.0,960.0,3427.0,751.0
E05000628,West Hill,16816,3196,11761,1859,310.0,635.0,850.0,5255.0,0.0,7080,6605,475.0,6598.0,1867.0,629.0,1238.0,3875.0,856.0
E05000629,West Putney,15734,2933,10622,2179,480.0,765.0,1495.0,4180.0,0.0,6930,6505,425.0,6508.0,2007.0,766.0,1241.0,3776.0,725.0
E05000630,Abbey Road,10433,1751,7265,1417,345.0,415.0,475.0,4565.0,0.0,5785,4750,1030.0,4760.0,1812.0,523.0,1289.0,2452.0,496.0
E05000631,Bayswater,9875,1088,7703,1084,45.0,130.0,490.0,5450.0,0.0,6140,4950,1190.0,4947.0,2376.0,441.0,1935.0,2024.0,547.0
E05000632,Bryanston and Dorset Square,10534,1030,8298,1206,25.0,85.0,495.0,7060.0,0.0,7675,5225,2445.0,5228.0,2340.0,432.0,1908.0,2136.0,752.0
E05000633,Churchill,9229,1472,6638,1119,0.0,30.0,290.0,4920.0,0.0,5290,4315,980.0,4312.0,1913.0,437.0,1476.0,1970.0,429.0
E05000634,Church Street,11666,1971,8239,1456,0.0,25.0,150.0,4885.0,0.0,5100,4540,560.0,4549.0,1677.0,548.0,1129.0,2171.0,701.0
E05000635,Harrow Road,11415,1707,8579,1129,25.0,75.0,320.0,5135.0,0.0,5600,5100,495.0,5117.0,1991.0,485.0,1506.0,2487.0,639.0
E05000636,Hyde Park,11819,1267,9273,1279,25.0,85.0,640.0,8010.0,0.0,8815,5565,3250.0,5573.0,2518.0,501.0,2017.0,2374.0,681.0
E05000637,Knightsbridge and Belgravia,7124,863,5164,1097,105.0,190.0,1490.0,4070.0,0.0,5870,2760,3105.0,2766.0,1064.0,305.0,759.0,1363.0,339.0
E05000638,Lancaster Gate,11116,1184,8709,1223,15.0,70.0,435.0,7110.0,0.0,7670,5560,2100.0,5567.0,2524.0,467.0,2057.0,2325.0,718.0
E05000639,Little Venice,10360,1498,7520,1342,20.0,135.0,330.0,4980.0,0.0,5490,4455,1035.0,4464.0,1655.0,457.0,1198.0,2352.0,457.0
E05000640,Maida Vale,10506,1707,7808,991,0.0,55.0,120.0,4705.0,0.0,4920,4410,510.0,4419.0,1378.0,389.0,989.0,2354.0,687.0
E05000641,Marylebone High Street,8542,872,6535,1135,15.0,45.0,425.0,6460.0,0.0,6985,4345,2640.0,4356.0,2068.0,440.0,1628.0,1858.0,430.0
E05000642,Queen's Park,12761,2234,9125,1402,135.0,240.0,1415.0,3655.0,0.0,5445,5085,355.0,5105.0,1613.0,416.0,1197.0,2850.0,642.0
E05000643,Regent's Park,10826,1365,7745,1716,90.0,100.0,235.0,6355.0,0.0,6830,5170,1655.0,5171.0,2196.0,677.0,1519.0,2388.0,587.0
E05000644,St. James's,10591,1009,8354,1228,15.0,25.0,280.0,8645.0,0.0,9020,5410,3605.0,5423.0,2802.0,508.0,2294.0,2070.0,551.0
E05000645,Tachbrook,7082,785,5151,1146,0.0,0.0,160.0,4980.0,0.0,5175,3815,1375.0,3818.0,1890.0,556.0,1334.0,1556.0,372.0
E05000646,Vincent Square,10096,1281,7430,1385,0.0,0.0,105.0,6250.0,0.0,6395,4930,1475.0,4917.0,2167.0,559.0,1608.0,2250.0,500.0
E05000647,Warwick,8600,811,6672,1117,10.0,30.0,385.0,5180.0,0.0,5650,4280,1370.0,4291.0,2005.0,487.0,1518.0,1793.0,493.0
E05000648,Westbourne,12812,2186,9406,1220,0.0,15.0,70.0,5695.0,0.0,5835,5165,675.0,5171.0,1856.0,434.0,1422.0,2735.0,580.0
E05000649,West End,8834,680,7061,1093,25.0,90.0,400.0,8660.0,0.0,9195,4875,4315.0,4883.0,2593.0,437.0,2156.0,1776.0,514.0
E05009297,City of London,8587,580,6797,1210,0.0,0.0,85.0,7210.0,0.0,7330,4915,2410.0,4915.0,2508.0,496.0,2012.0,1979.0,428.0
E05009317,Bethnal Green,23708,4456,17884,1368,60.0,130.0,870.0,7410.0,0.0,8535,8030,490.0,8044.0,2260.0,454.0,1806.0,4283.0,1501.0
E05009318,Blackwall & Cubitt Town,21615,3325,17514,776,0.0,75.0,335.0,10925.0,80.0,11490,9545,1945.0,9571.0,3491.0,245.0,3246.0,4708.0,1372.0
E05009319,Bow East,19540,3228,15150,1162,115.0,205.0,935.0,7700.0,0.0,8990,8405,580.0,8401.0,2721.0,492.0,2229.0,4398.0,1282.0
E05009320,Bow West,13708,2396,10173,1139,50.0,165.0,1360.0,3980.0,0.0,5580,5275,305.0,5277.0,1529.0,406.0,1123.0,2656.0,1092.0
E05009321,Bromley North,11567,2401,8465,701,45.0,105.0,350.0,4180.0,20.0,4725,4445,280.0,4441.0,1418.0,208.0,1210.0,2326.0,697.0
E05009322,Bromley South,13511,3023,9921,567,0.0,25.0,165.0,4945.0,0.0,5195,4865,330.0,4860.0,1334.0,131.0,1203.0,2749.0,777.0
E05009323,Canary Wharf,18088,2769,14693,626,10.0,95.0,210.0,10330.0,0.0,10725,8575,2155.0,8576.0,3442.0,197.0,3245.0,4125.0,1009.0
E05009324,Island Gardens,15005,2700,11409,896,75.0,430.0,1185.0,4940.0,0.0,6635,6080,555.0,6093.0,1720.0,288.0,1432.0,3449.0,924.0
E05009325,Lansbury,21672,5026,15409,1237,70.0,225.0,700.0,7110.0,0.0,8160,7500,665.0,7517.0,1989.0,401.0,1588.0,4210.0,1318.0
E05009326,Limehouse,6304,879,5068,357,0.0,95.0,140.0,2855.0,20.0,3125,2755,375.0,2756.0,939.0,120.0,819.0,1362.0,455.0
E05009327,Mile End,23744,4971,17635,1138,85.0,70.0,540.0,8490.0,0.0,9270,8635,635.0,8645.0,2374.0,347.0,2027.0,4626.0,1645.0
E05009328,Poplar,6642,1594,4691,357,0.0,45.0,190.0,2330.0,0.0,2585,2375,210.0,2378.0,694.0,104.0,590.0,1321.0,363.0
E05009329,St. Dunstan's,13062,2881,9399,782,85.0,205.0,815.0,3475.0,0.0,4600,4410,185.0,4423.0,1248.0,242.0,1006.0,2341.0,834.0
E05009330,St. Katharine's & Wapping,11093,1390,8917,786,30.0,75.0,530.0,5615.0,20.0,6310,5360,950.0,5364.0,2033.0,285.0,1748.0,2663.0,668.0
E05009331,St. Peter's,18792,3193,14462,1137,0.0,115.0,375.0,7005.0,0.0,7610,7070,545.0,7076.0,2354.0,400.0,1954.0,3330.0,1392.0
E05009332,Shadwell,14349,3113,10251,985,25.0,75.0,300.0,5135.0,0.0,5575,5050,530.0,5060.0,1581.0,336.0,1245.0,2586.0,893.0
E05009333,Spitalfields & Banglatown,12628,1916,10005,707,20.0,115.0,440.0,4965.0,0.0,5570,4765,800.0,4774.0,1685.0,187.0,1498.0,2049.0,1040.0
E05009334,Stepney Green,12849,2694,9096,1059,45.0,100.0,560.0,3940.0,0.0,4660,4400,280.0,4397.0,1323.0,386.0,937.0,2250.0,824.0
E05009335,Weavers,14076,2378,10788,910,20.0,100.0,610.0,5595.0,0.0,6370,5715,650.0,5728.0,1945.0,334.0,1611.0,2633.0,1150.0
E05009336,Whitechapel,18342,3094,14475,773,0.0,90.0,285.0,8295.0,0.0,8730,7210,1520.0,7224.0,2460.0,231.0,2229.0,3279.0,1485.0
E05009367,Brownswood,9281,1347,7240,694,35.0,160.0,310.0,4010.0,15.0,4570,4200,360.0,4224.0,1469.0,247.0,1222.0,2057.0,698.0
E05009368,Cazenove,14296,3863,9427,1006,60.0,160.0,715.0,4345.0,0.0,5300,4850,460.0,4853.0,1393.0,286.0,1107.0,2696.0,764.0
E05009369,Clissold,13611,2346,10034,1231,40.0,175.0,1140.0,4825.0,0.0,6210,5820,395.0,5827.0,1859.0,429.0,1430.0,3230.0,738.0
E05009370,Dalston,10213,1331,8255,627,50.0,170.0,595.0,4180.0,0.0,5025,4555,465.0,4572.0,1549.0,243.0,1306.0,2102.0,921.0
E05009371,De Beauvoir,10742,1768,8205,769,20.0,295.0,630.0,4120.0,30.0,5130,4745,390.0,4753.0,1526.0,297.0,1229.0,2515.0,712.0
E05009372,Hackney Central,12991,2175,9716,1100,40.0,160.0,565.0,5475.0,0.0,6290,5825,475.0,5824.0,2164.0,502.0,1662.0,2817.0,843.0
E05009373,Hackney Downs,12990,2142,9804,1044,80.0,185.0,815.0,4700.0,0.0,5795,5365,440.0,5375.0,1860.0,372.0,1488.0,2623.0,892.0
E05009374,Hackney Wick,12315,2209,9061,1045,120.0,300.0,1035.0,3790.0,0.0,5270,4940,320.0,4946.0,1548.0,401.0,1147.0,2675.0,723.0
E05009375,Haggerston,12339,2013,9286,1040,35.0,145.0,445.0,4925.0,10.0,5605,5275,330.0,5276.0,1743.0,412.0,1331.0,2647.0,886.0
E05009376,Homerton,12725,2546,9356,823,10.0,95.0,510.0,4715.0,0.0,5390,5020,360.0,5044.0,1699.0,283.0,1416.0,2568.0,777.0
E05009377,Hoxton East & Shoreditch,11885,1412,9823,650,10.0,15.0,145.0,6175.0,0.0,6410,5475,930.0,5477.0,1968.0,265.0,1703.0,2540.0,969.0
E05009378,Hoxton West,14420,2064,11508,848,10.0,25.0,165.0,7215.0,20.0,7505,6585,910.0,6588.0,2540.0,355.0,2185.0,3036.0,1012.0
E05009379,King's Park,13543,2771,9428,1344,150.0,315.0,1430.0,3555.0,0.0,5470,5145,320.0,5154.0,1544.0,507.0,1037.0,2796.0,814.0
E05009380,Lea Bridge,14533,2965,10432,1136,105.0,255.0,1415.0,4290.0,0.0,6100,5450,655.0,5467.0,1645.0,319.0,1326.0,2902.0,920.0
E05009381,London Fields,10811,1628,8081,1102,70.0,395.0,790.0,3880.0,0.0,5165,4750,420.0,4745.0,1642.0,390.0,1252.0,2357.0,746.0
E05009382,Shacklewell,9400,1631,7110,659,45.0,85.0,725.0,3355.0,0.0,4225,3885,340.0,3896.0,1149.0,214.0,935.0,2079.0,668.0
E05009383,Springfield,17085,5553,10078,1454,105.0,345.0,1090.0,5000.0,10.0,6575,5700,880.0,5709.0,1788.0,561.0,1227.0,3371.0,550.0
E05009384,Stamford Hill West,8030,2701,4609,720,10.0,170.0,390.0,2285.0,0.0,2885,2575,315.0,2574.0,733.0,236.0,497.0,1579.0,262.0
E05009385,Stoke Newington,11755,1905,8791,1059,40.0,155.0,1495.0,3700.0,0.0,5430,4975,455.0,4984.0,1589.0,336.0,1253.0,2580.0,815.0
E05009386,Victoria,13168,2332,9662,1174,90.0,250.0,980.0,4620.0,15.0,5970,5600,365.0,5590.0,1908.0,468.0,1440.0,2892.0,790.0
E05009387,Woodberry Down,12994,2954,9066,974,40.0,90.0,190.0,5615.0,30.0,5995,5190,820.0,5201.0,1621.0,367.0,1254.0,2905.0,675.0
E05009388,Abingdon,6549,883,4700,966,30.0,120.0,650.0,3495.0,0.0,4320,3180,1140.0,3204.0,1317.0,355.0,962.0,1639.0,248.0
E05009389,Brompton & Hans Town,8232,998,5976,1258,30.0,160.0,1000.0,6545.0,0.0,7755,4305,3455.0,4300.0,2135.0,492.0,1643.0,1791.0,374.0
E05009390,Campden,8623,1416,5949,1258,85.0,170.0,995.0,4100.0,0.0,5360,3890,1470.0,3898.0,1466.0,413.0,1053.0,2107.0,325.0
E05009391,Chelsea Riverside,6890,996,4605,1289,10.0,90.0,425.0,3695.0,45.0,4300,3400,900.0,3404.0,1596.0,543.0,1053.0,1499.0,309.0
E05009392,Colville,8724,1113,6302,1309,0.0,10.0,350.0,4940.0,0.0,5355,4420,935.0,4435.0,2183.0,594.0,1589.0,1835.0,417.0
E05009393,Courtfield,5993,766,4523,704,0.0,90.0,435.0,4015.0,0.0,4570,2940,1630.0,2984.0,1443.0,275.0,1168.0,1270.0,271.0
E05009394,Dalgarno,7403,1322,5060,1021,25.0,95.0,410.0,2555.0,0.0,3120,2900,220.0,2897.0,1040.0,299.0,741.0,1518.0,339.0
E05009395,Earl's Court,9459,1082,7298,1079,0.0,35.0,245.0,5970.0,0.0,6305,4910,1395.0,4914.0,2435.0,526.0,1909.0,1916.0,563.0
E05009396,Golborne,9147,1295,6747,1105,30.0,50.0,150.0,4210.0,15.0,4480,3950,530.0,3941.0,1633.0,406.0,1227.0,1907.0,401.0
E05009397,Holland,10308,1755,7249,1304,130.0,110.0,585.0,5160.0,0.0,6020,4400,1610.0,4405.0,1659.0,440.0,1219.0,2211.0,535.0
E05009398,Norland,5225,748,3707,770,30.0,210.0,810.0,1905.0,0.0,2965,2460,505.0,2465.0,992.0,285.0,707.0,1259.0,214.0
E05009399,Notting Dale,9581,1679,6606,1296,0.0,80.0,370.0,3600.0,15.0,4105,3765,340.0,3790.0,1366.0,492.0,874.0,1957.0,467.0
E05009400,Pembridge,5498,650,4063,785,45.0,125.0,395.0,2865.0,0.0,3445,2675,765.0,2718.0,1364.0,302.0,1062.0,1115.0,239.0
E05009401,Queen's Gate,8043,1057,6042,944,40.0,180.0,550.0,5095.0,0.0,5900,3705,2195.0,3711.0,1563.0,334.0,1229.0,1718.0,430.0
E05009402,Redcliffe,11007,1421,8298,1288,35.0,230.0,690.0,5970.0,0.0,6960,5310,1655.0,5327.0,2418.0,571.0,1847.0,2346.0,563.0
E05009403,Royal Hospital,8987,1088,5881,2018,60.0,110.0,1060.0,4995.0,0.0,6255,4120,2135.0,4137.0,1873.0,608.0,1265.0,1871.0,393.0
E05009404,St. Helen's,5414,839,3748,827,15.0,95.0,330.0,2365.0,0.0,2825,2460,360.0,2468.0,1071.0,310.0,761.0,1122.0,275.0
E05009405,Stanley,8315,1173,5769,1373,90.0,265.0,870.0,3945.0,0.0,5185,3905,1280.0,3905.0,1680.0,509.0,1171.0,1800.0,425.0
E05011095,Borough & Bankside,10243,995,8474,774,0.0,45.0,200.0,5615.0,0.0,5910,4730,1180.0,4739.0,2017.0,340.0,1677.0,2100.0,622.0
E05011096,Camberwell Green,15047,2495,11234,1318,40.0,100.0,380.0,6370.0,0.0,6970,6650,325.0,6667.0,2407.0,573.0,1834.0,3274.0,986.0
E05011097,Champion Hill,8883,1718,6420,745,70.0,330.0,450.0,2965.0,0.0,3835,3630,205.0,3677.0,1131.0,259.0,872.0,2051.0,495.0
E05011098,Chaucer,15725,2270,12568,887,15.0,50.0,155.0,6885.0,0.0,7170,6460,700.0,6478.0,2201.0,346.0,1855.0,2944.0,1333.0
E05011099,Dulwich Hill,11303,2190,8031,1082,115.0,660.0,975.0,3135.0,0.0,4900,4625,285.0,4635.0,1312.0,326.0,986.0,2769.0,554.0
E05011100,Dulwich Village,10238,2303,6423,1512,300.0,1225.0,1305.0,1185.0,0.0,4015,3770,250.0,3773.0,735.0,368.0,367.0,2697.0,341.0
E05011101,Dulwich Wood,8475,1864,5532,1079,460.0,360.0,540.0,2285.0,0.0,3655,3425,225.0,3435.0,980.0,354.0,626.0,2135.0,320.0
E05011102,Faraday,14687,2838,10733,1116,20.0,70.0,585.0,5345.0,0.0,6085,5690,395.0,5695.0,1673.0,423.0,1250.0,3025.0,997.0
E05011103,Goose Green,12641,2301,9164,1176,50.0,665.0,1840.0,3300.0,0.0,5890,5460,430.0,5463.0,1643.0,420.0,1223.0,3207.0,613.0
E05011104,London Bridge & West Bermondsey,13109,1633,10623,853,0.0,45.0,195.0,7025.0,0.0,7300,6365,935.0,6363.0,2449.0,316.0,2133.0,2877.0,1037.0
E05011105,Newington,15624,2470,11743,1411,15.0,220.0,810.0,6070.0,0.0,7180,6735,435.0,6737.0,2445.0,640.0,1805.0,3157.0,1135.0
E05011106,North Bermondsey,16254,2348,12541,1365,10.0,90.0,490.0,7835.0,45.0,8580,7580,995.0,7590.0,2787.0,532.0,2255.0,3745.0,1058.0
E05011107,North Walworth,12278,1750,9701,827,10.0,75.0,375.0,5760.0,0.0,6260,5740,530.0,5735.0,2105.0,379.0,1726.0,2561.0,1069.0
E05011108,Nunhead & Queen's Road,16249,2756,11942,1551,165.0,385.0,1850.0,5100.0,0.0,7500,7010,500.0,7019.0,2451.0,601.0,1850.0,3584.0,984.0
E05011109,Old Kent Road,15949,3185,11509,1255,110.0,285.0,715.0,5230.0,15.0,6375,6075,315.0,6073.0,1978.0,506.0,1472.0,3092.0,1003.0
E05011110,Peckham,14722,2680,10908,1134,130.0,325.0,1020.0,4550.0,0.0,6045,5765,265.0,5780.0,1813.0,370.0,1443.0,3065.0,902.0
E05011111,Peckham Rye,9809,2142,6830,837,90.0,485.0,1185.0,2315.0,0.0,4085,3870,210.0,3877.0,1032.0,293.0,739.0,2343.0,502.0
E05011112,Rotherhithe,15672,2405,12105,1162,55.0,270.0,770.0,6395.0,10.0,7540,6980,560.0,6978.0,2397.0,467.0,1930.0,3412.0,1169.0
E05011113,Rye Lane,18713,3165,13859,1689,215.0,700.0,2010.0,5765.0,0.0,8700,8025,670.0,8035.0,2503.0,636.0,1867.0,4327.0,1205.0
E05011114,St. George's,7223,903,5834,486,20.0,70.0,330.0,3105.0,0.0,3545,3005,540.0,3017.0,1097.0,172.0,925.0,1477.0,443.0
E05011115,St. Giles,14082,2332,10607,1143,125.0,230.0,965.0,4520.0,0.0,5875,5555,325.0,5559.0,1721.0,395.0,1326.0,2864.0,974.0
E05011116,South Bermondsey,17664,2981,13380,1303,70.0,290.0,1125.0,6540.0,0.0,8080,7625,440.0,7618.0,2649.0,483.0,2166.0,3846.0,1123.0
E05011117,Surrey Docks,13050,1773,10302,975,80.0,480.0,1300.0,4520.0,80.0,6475,5860,610.0,5863.0,1810.0,298.0,1512.0,3133.0,920.0
E05011217,Barnehurst,9620,1970,5968,1682,165.0,2175.0,855.0,540.0,0.0,3755,3645,115.0,3643.0,793.0,380.0,413.0,2555.0,295.0
E05011218,Belvedere,17219,3809,11243,2167,485.0,1640.0,2225.0,2540.0,0.0,6895,6535,355.0,6556.0,1749.0,673.0,1076.0,4068.0,739.0
E05011219,Bexleyheath,15248,2820,9125,3303,670.0,3270.0,840.0,1715.0,0.0,6490,6215,290.0,6221.0,1755.0,1026.0,729.0,4027.0,439.0
E05011220,Blackfen & Lamorbey,14567,2758,9038,2771,525.0,2760.0,2000.0,515.0,0.0,5800,5635,165.0,5630.0,1269.0,703.0,566.0,4046.0,315.0
E05011221,Blendon & Penhill,15545,3012,9635,2898,435.0,2930.0,2175.0,520.0,0.0,6090,5915,165.0,5917.0,1290.0,742.0,548.0,4256.0,371.0
E05011222,Crayford,16325,3358,10532,2435,375.0,2770.0,1695.0,2000.0,0.0,6835,6575,265.0,6577.0,1893.0,815.0,1078.0,4243.0,441.0
E05011223,Crook Log,17043,3234,10526,3283,660.0,3965.0,995.0,1225.0,0.0,6865,6625,235.0,6620.0,1631.0,891.0,740.0,4505.0,484.0
E05011224,East Wickham,16272,3079,10366,2827,180.0,3920.0,1180.0,940.0,0.0,6240,6040,170.0,6052.0,1382.0,731.0,651.0,4092.0,578.0
E05011225,Erith,15609,3979,9839,1791,390.0,1380.0,1565.0,3110.0,0.0,6445,6060,380.0,6071.0,1779.0,638.0,1141.0,3776.0,516.0
E05011226,Falconwood & Welling,16941,3464,10750,2727,265.0,3605.0,1695.0,955.0,0.0,6545,6330,225.0,6318.0,1462.0,797.0,665.0,4261.0,595.0
E05011227,Longlands,10722,1871,6538,2313,440.0,1865.0,525.0,1935.0,0.0,4760,4485,270.0,4490.0,1405.0,712.0,693.0,2801.0,284.0
E05011228,Northumberland Heath,11047,2383,6942,1722,235.0,2220.0,1160.0,560.0,0.0,4180,4045,130.0,4056.0,932.0,491.0,441.0,2792.0,332.0
E05011229,St. Mary's & St. James,11775,2266,7075,2434,1165.0,1865.0,865.0,1025.0,0.0,4920,4755,165.0,4755.0,1236.0,701.0,535.0,3247.0,272.0
E05011230,Sidcup,15643,2700,9781,3162,615.0,2270.0,990.0,3120.0,0.0,6995,6675,325.0,6666.0,2249.0,1177.0,1072.0,3937.0,480.0
E05011231,Slade Green & Northend,13086,3360,8567,1159,160.0,1520.0,1750.0,1600.0,0.0,5015,4810,210.0,4819.0,1204.0,408.0,796.0,3194.0,421.0
E05011232,Thamesmead East,15538,3878,10244,1416,280.0,850.0,2260.0,2560.0,0.0,5935,5590,345.0,5598.0,1592.0,420.0,1172.0,3325.0,681.0
E05011233,West Heath,14269,2704,8768,2797,255.0,4155.0,425.0,640.0,0.0,5510,5345,155.0,5352.0,1135.0,663.0,472.0,3803.0,414.0
E05011234,Aldborough,16637,3629,10900,2108,280.0,1395.0,2240.0,1580.0,0.0,5475,5330,145.0,5350.0,1094.0,533.0,561.0,3511.0,745.0
E05011235,Barkingside,14134,2892,9285,1957,225.0,1465.0,1670.0,1255.0,50.0,4670,4520,140.0,4532.0,926.0,468.0,458.0,2858.0,748.0
E05011236,Bridge,12242,2381,8128,1733,210.0,1650.0,1800.0,1250.0,0.0,4910,4765,135.0,4779.0,1289.0,514.0,775.0,3035.0,455.0
E05011237,Chadwell,16084,4080,10438,1566,250.0,1520.0,1900.0,1790.0,0.0,5455,5295,165.0,5282.0,1183.0,431.0,752.0,3449.0,650.0
E05011238,Churchfields,18037,3672,12051,2314,270.0,1865.0,1315.0,4000.0,0.0,7475,7245,190.0,7259.0,2062.0,792.0,1270.0,4546.0,651.0
E05011239,Clayhall,14412,2696,9543,2173,340.0,2140.0,1170.0,605.0,0.0,4275,4185,70.0,4187.0,615.0,343.0,272.0,2765.0,807.0
E05011240,Clementswood,13904,3361,9237,1306,315.0,665.0,1895.0,1215.0,0.0,4095,3880,210.0,3908.0,692.0,242.0,450.0,2349.0,867.0
E05011241,Cranbrook,13593,2674,9049,1870,170.0,1250.0,1585.0,1345.0,0.0,4355,4090,265.0,4095.0,803.0,331.0,472.0,2463.0,829.0
E05011242,Fairlop,14593,3085,9654,1854,465.0,1600.0,1820.0,1505.0,0.0,5395,5250,155.0,5249.0,1338.0,583.0,755.0,3233.0,678.0
E05011243,Fullwell,16426,3487,10568,2371,445.0,2620.0,1210.0,1485.0,0.0,5755,5605,160.0,5602.0,1306.0,622.0,684.0,3552.0,744.0
E05011244,Goodmayes,14679,3408,9851,1420,280.0,1065.0,1720.0,1595.0,0.0,4670,4505,165.0,4518.0,978.0,312.0,666.0,2655.0,885.0
E05011245,Hainault,15708,3539,10351,1818,305.0,2105.0,2010.0,1445.0,20.0,5895,5740,155.0,5743.0,1500.0,553.0,947.0,3593.0,650.0
E05011246,Ilford Town,13330,3641,8897,792,160.0,460.0,920.0,3010.0,0.0,4570,4320,240.0,4352.0,980.0,222.0,758.0,2817.0,555.0
E05011247,Loxford,15953,4223,10591,1139,415.0,610.0,1935.0,2140.0,0.0,5120,4800,310.0,4810.0,992.0,296.0,696.0,2995.0,823.0
E05011248,Mayfield,16296,3955,10569,1772,530.0,1295.0,2010.0,720.0,0.0,4555,4415,145.0,4438.0,776.0,394.0,382.0,2693.0,969.0
E05011249,Monkhams,9245,1688,5519,2038,1210.0,1035.0,455.0,970.0,0.0,3680,3560,115.0,3564.0,861.0,494.0,367.0,2422.0,281.0
E05011250,Newbury,13033,2876,8717,1440,180.0,835.0,1825.0,1170.0,0.0,4030,3870,155.0,3911.0,754.0,290.0,464.0,2450.0,707.0
E05011251,Seven Kings,16496,3932,10900,1664,305.0,1080.0,2055.0,1745.0,0.0,5195,4945,235.0,5006.0,1013.0,317.0,696.0,3088.0,905.0
E05011252,South Woodford,10570,2002,6972,1596,280.0,1410.0,860.0,1690.0,0.0,4260,4095,145.0,4101.0,1056.0,409.0,647.0,2613.0,432.0
E05011253,Valentines,13961,3110,9443,1408,185.0,780.0,1620.0,2025.0,0.0,4610,4270,330.0,4318.0,888.0,221.0,667.0,2686.0,744.0
E05011254,Wanstead Park,7577,1533,4768,1276,115.0,820.0,995.0,1090.0,0.0,3010,2920,90.0,2928.0,772.0,352.0,420.0,1936.0,220.0
E05011255,Wanstead Village,13290,2354,8635,2301,445.0,1270.0,1280.0,3040.0,0.0,6045,5815,230.0,5818.0,2004.0,945.0,1059.0,3404.0,410.0
E05011462,Addiscombe East,11860,2135,7875,1850,270.0,1205.0,1805.0,1620.0,0.0,4905,4640,265.0,4678.0,1295.0,480.0,815.0,2920.0,463.0
E05011463,Addiscombe West,16504,3269,11407,1828,255.0,1010.0,2310.0,3865.0,0.0,7465,6995,470.0,7022.0,2283.0,760.0,1523.0,4036.0,703.0
E05011464,Bensham Manor,16941,3531,11461,1949,350.0,935.0,2895.0,2285.0,0.0,6460,6045,405.0,6098.0,1647.0,496.0,1151.0,3498.0,953.0
E05011465,Broad Green,20579,4879,14041,1659,360.0,1425.0,2195.0,3915.0,10.0,7905,7405,495.0,7437.0,2007.0,465.0,1542.0,4441.0,989.0
E05011466,Coulsdon Town,13176,2925,8298,1953,1315.0,1970.0,875.0,1005.0,0.0,5160,4940,220.0,4940.0,1021.0,456.0,565.0,3586.0,333.0
E05011467,Crystal Palace & Upper Norwood,16287,3157,11137,1993,610.0,1100.0,1160.0,4845.0,0.0,7705,7200,520.0,7213.0,2477.0,667.0,1810.0,4167.0,569.0
E05011468,Fairfield,14589,2699,11322,568,75.0,335.0,555.0,6785.0,0.0,7810,6910,895.0,6928.0,2604.0,214.0,2390.0,3703.0,621.0
E05011469,Kenley,11656,2290,7183,2183,1800.0,1430.0,385.0,945.0,0.0,4580,4385,200.0,4387.0,895.0,401.0,494.0,3175.0,317.0
E05011470,New Addington North,11697,3235,7248,1214,140.0,1115.0,1430.0,1350.0,0.0,4035,3890,140.0,3901.0,853.0,444.0,409.0,2695.0,353.0
E05011471,New Addington South,10562,2456,6689,1417,70.0,2130.0,795.0,995.0,0.0,4020,3790,225.0,3791.0,869.0,410.0,459.0,2582.0,340.0
E05011472,Norbury & Pollards Hill,13581,2553,9114,1914,335.0,1285.0,1900.0,1810.0,10.0,5330,5020,310.0,5034.0,1338.0,505.0,833.0,2976.0,720.0
E05011473,Norbury Park,9086,1696,5823,1567,355.0,1725.0,640.0,430.0,0.0,3155,3010,155.0,3010.0,586.0,276.0,310.0,1922.0,502.0
E05011474,Old Coulsdon,10848,2171,6302,2375,1380.0,1805.0,665.0,585.0,0.0,4420,4245,180.0,4245.0,1019.0,654.0,365.0,2973.0,253.0
E05011475,Park Hill & Whitgift,7557,1439,4960,1158,650.0,215.0,495.0,2090.0,0.0,3450,3225,230.0,3241.0,1089.0,397.0,692.0,1897.0,255.0
E05011476,Purley & Woodcote,17229,3210,10832,3187,2425.0,1255.0,650.0,2815.0,0.0,7175,6630,545.0,6637.0,1735.0,717.0,1018.0,4324.0,578.0
E05011477,Purley Oaks & Riddlesdown,9609,1891,6223,1495,840.0,1275.0,540.0,1315.0,0.0,3970,3745,230.0,3749.0,887.0,323.0,564.0,2565.0,297.0
E05011478,Sanderstead,14404,2730,8269,3405,2275.0,2330.0,305.0,665.0,0.0,5600,5445,135.0,5441.0,1167.0,777.0,390.0,3873.0,401.0
E05011479,Selhurst,11503,2744,7669,1090,225.0,750.0,1225.0,2650.0,0.0,4855,4575,280.0,4595.0,1471.0,390.0,1081.0,2616.0,508.0
E05011480,Selsdon & Addington Village,10801,1961,6689,2151,760.0,2230.0,400.0,800.0,0.0,4210,4055,160.0,4060.0,966.0,505.0,461.0,2704.0,390.0
E05011481,Selsdon Vale & Forestdale,9856,1876,5888,2092,660.0,1205.0,1460.0,940.0,0.0,4270,4120,150.0,4114.0,1203.0,612.0,591.0,2647.0,264.0
E05011482,Shirley North,14602,2616,8895,3091,1230.0,2370.0,1210.0,1220.0,0.0,6020,5795,225.0,5793.0,1560.0,880.0,680.0,3756.0,477.0
E05011483,Shirly South,9602,2025,5905,1672,345.0,1865.0,375.0,965.0,0.0,3565,3435,130.0,3439.0,650.0,345.0,305.0,2490.0,299.0
E05011484,South Croydon,18079,3552,12476,2051,1080.0,1250.0,1230.0,4850.0,0.0,8410,7790,625.0,7851.0,2645.0,641.0,2004.0,4595.0,611.0
E05011485,South Norwood,18216,3732,12555,1929,235.0,1175.0,1735.0,5260.0,0.0,8415,7840,580.0,7866.0,2809.0,621.0,2188.0,4349.0,708.0
E05011486,Thornton Heath,17566,3589,12095,1882,305.0,1370.0,2485.0,3105.0,20.0,7305,6810,500.0,6818.0,2047.0,573.0,1474.0,3965.0,806.0
E05011487,Waddon,18476,4170,12438,1868,325.0,1740.0,1640.0,4060.0,0.0,7775,7260,510.0,7290.0,2297.0,688.0,1609.0,4246.0,747.0
E05011488,West Thornton,18762,4311,12515,1936,470.0,1265.0,2680.0,2480.0,15.0,6900,6455,450.0,6495.0,1626.0,465.0,1161.0,3807.0,1062.0
E05011489,Woodside,17059,3451,12014,1594,245.0,1205.0,3200.0,2740.0,0.0,7405,6905,495.0,6925.0,2055.0,501.0,1554.0,4183.0,687.0
