Ward name,Ward code,Default_RMSE,Tuned_RMSE,Best_order,Best_seasonal,Improvement
Abbey,E05013810,28.5214904892554,1.5141134345367309,"(1, 1, 0)","(0, 0, 0, 12)",27.007377054718667
Streatham Hill East,E05014113,2.413598945366766,1.3957614796706386,"(1, 1, 0)","(1, 0, 0, 12)",1.0178374656961275
Cricket Green,E05013813,8.439406991001668,1.5885227342086472,"(0, 0, 0)","(1, 0, 1, 12)",6.850884256793021
Streatham Hill West & Thornton,E05014114,10.547460060544742,4.01498595342863,"(1, 1, 1)","(0, 0, 1, 12)",6.532474107116112
Crayford,E05011222,6.662674620216027,0.8461216485745671,"(0, 1, 1)","(1, 0, 1, 12)",5.81655297164146
Cranham,E05013968,2.652984093909487,1.12049367234494,"(1, 1, 0)","(1, 0, 1, 12)",1.532490421564547
Streatham St Leonard's,E05014115,3.4045288703946635,2.4678597189385165,"(1, 0, 0)","(0, 1, 1, 12)",0.9366691514561469
Cranford,E05013612,3.4868204487538663,2.0221546597960507,"(1, 0, 1)","(0, 0, 0, 12)",1.4646657889578156
Cricklewood,E05013634,4.136365706822745,1.4142135623730951,"(0, 1, 0)","(0, 0, 0, 12)",2.72215214444965
Streatham Wells,E05014116,2.9340197298622193,0.5841545858430734,"(0, 0, 1)","(0, 1, 1, 12)",2.349865144019146
Courtfield,E05009393,6.9414179039091195,2.828948110462146,"(0, 0, 0)","(1, 1, 1, 12)",4.112469793446973
Stroud Green,E05013600,5.215694088551232,1.4520156251101088,"(1, 0, 0)","(1, 0, 0, 12)",3.7636784634411233
Coulsdon Town,E05011466,3.76903977696941,1.085975429492991,"(1, 1, 0)","(0, 1, 0, 12)",2.683064347476419
Sudbury,E05013511,3.5747498217800135,0.2901217583764235,"(1, 0, 0)","(1, 0, 1, 12)",3.28462806340359
Coombe Vale,E05013933,7.50638053198914,0.15039723498978858,"(1, 0, 0)","(1, 0, 0, 12)",7.3559832969993515
Worcester Park South,E05013773,2.3620024209253017,1.0224137563888311,"(0, 1, 1)","(0, 0, 0, 12)",1.3395886645364705
Coombe Hill,E05013932,3.959928547363311,1.2178158461429482,"(1, 0, 0)","(0, 1, 0, 12)",2.7421127012203623
Cranbrook,E05011241,2.948989243598471,1.5929409996721575,"(0, 1, 1)","(0, 0, 0, 12)",1.3560482439263133
Surbiton Hill,E05013944,2.55498501259181,1.5974528637953012,"(0, 1, 1)","(0, 0, 0, 12)",0.9575321487965089
Cricklewood & Mapesbury,E05013499,1.3298940437103672,0.6680860379553315,"(0, 1, 1)","(0, 1, 1, 12)",0.6618080057550357
Crofton Park,E05013718,3.960638628686345,2.552261753594901,"(0, 1, 1)","(0, 0, 0, 12)",1.4083768750914443
Deptford,E05013719,4.60212652541364,1.7762863343933382,"(1, 1, 0)","(1, 0, 0, 12)",2.8258401910203017
De Beauvoir,E05009371,7.329939055605964,3.206092629029474,"(1, 1, 1)","(0, 0, 0, 12)",4.12384642657649
Stockwell West & Larkhall,E05014111,4.602120403014544,2.05817024106301,"(1, 1, 1)","(0, 0, 0, 12)",2.5439501619515337
Darwin,E05013996,2.579429465183015,0.9186471132034616,"(0, 1, 1)","(0, 0, 0, 12)",1.6607823519795533
Stoke Newington,E05009385,13.986080495820605,1.4819772461404128,"(1, 0, 0)","(0, 0, 1, 12)",12.504103249680192
Dalston,E05009370,6.221777528752533,2.39747408361942,"(0, 0, 1)","(1, 0, 1, 12)",3.8243034451331126
Dalgarno,E05009394,1.3662993500912617,0.7792444018514493,"(1, 0, 1)","(1, 0, 0, 12)",0.5870549482398124
Streatham Common & Vale,E05014112,8.097518397029978,1.620219231874394,"(0, 0, 0)","(0, 0, 1, 12)",6.477299165155584
Stonebridge,E05013510,6.945696216605706,4.588198814004433,"(1, 1, 1)","(0, 0, 0, 12)",2.3574974026012727
Crystal Palace & Upper Norwood,E05011467,8.935318314769358,2.903033735548511,"(1, 0, 1)","(1, 0, 1, 12)",6.032284579220846
Stonecot,E05013764,3.313443784566027,1.0707211469802327,"(0, 0, 0)","(1, 1, 1, 12)",2.2427226375857945
Crystal Palace & Anerley,E05013995,10.608762580813448,2.058420950257915,"(0, 1, 0)","(1, 0, 1, 12)",8.550341630555533
Stratford,E05013924,15.113890376330254,0.9681979692059294,"(0, 0, 0)","(0, 0, 1, 12)",14.145692407124324
Crouch End,E05013588,9.386775716646195,7.227420387649724,"(1, 0, 1)","(0, 0, 0, 12)",2.1593553289964706
Crook Log,E05011223,3.067520367030581,2.6834128801942674,"(0, 0, 1)","(1, 0, 0, 12)",0.3841074868363137
Stratford Olympic Park,E05013925,0.7422986639892419,0.6732825165181441,"(1, 1, 1)","(1, 1, 0, 12)",0.06901614747109786
Custom House,E05013908,6.815202734521613,1.9431342568700938,"(1, 0, 0)","(0, 0, 0, 12)",4.872068477651519
Coningham,E05013737,6.495159894618014,2.424475851229225,"(0, 0, 1)","(0, 1, 0, 12)",4.0706840433887885
Colville,E05009392,4.874380104271959,3.634541164311528,"(1, 1, 1)","(1, 0, 1, 12)",1.2398389399604306
Surrey Docks,E05011117,5.828897937453686,0.7188524647896534,"(1, 0, 1)","(1, 0, 0, 12)",5.110045472664033
Clapham Park,E05014101,3.4043595684218517,1.4529737203983653,"(0, 1, 1)","(1, 0, 1, 12)",1.9513858480234865
Clapham East,E05014100,10.84885039894833,1.2988982640299722,"(1, 0, 0)","(1, 0, 0, 12)",9.549952134918357
Thames View,E05014068,1.0174818454918104,0.5776206081132255,"(0, 0, 0)","(1, 0, 1, 12)",0.43986123737858496
Clapham Common & Abbeville,E05014099,3.43643419200136,1.359263641349506,"(1, 0, 0)","(0, 0, 0, 12)",2.0771705506518536
City of London,E09000001,12.511283053673585,2.10490581596303,"(1, 1, 1)","(0, 0, 0, 12)",10.406377237710554
Thamesfield,E05014022,3.150757180915924,1.8067977571765115,"(1, 1, 1)","(1, 0, 0, 12)",1.3439594237394126
Churchfields,E05011238,2.3983678168603557,1.2527928228222869,"(1, 0, 0)","(0, 0, 0, 12)",1.1455749940380688
Telegraph Hill,E05013732,4.698766832383562,2.5655988571560435,"(1, 0, 0)","(0, 0, 0, 12)",2.1331679752275186
Thamesmead East,E05011232,5.0223527114574855,0.4843141957649717,"(1, 0, 1)","(0, 0, 0, 12)",4.538038515692514
Chiswick Riverside,E05013611,15.279609968324468,1.1342145483445765,"(0, 0, 1)","(0, 0, 1, 12)",14.145395419979891
Thamesmead Moorings,E05014090,3.760294708269066,1.0506899833821974,"(1, 0, 1)","(0, 0, 0, 12)",2.7096047248868684
Chiswick Homefields,E05013610,7.322175147938504,2.0474175691062944,"(1, 0, 1)","(0, 0, 1, 12)",5.27475757883221
The Wrythe,E05013769,2.262392038715572,2.0516294966187334,"(1, 0, 0)","(1, 1, 1, 12)",0.21076254209683842
Chiswick Gunnersbury,E05013609,4.1202346831906205,1.4260580287221136,"(1, 1, 0)","(0, 0, 0, 12)",2.6941766544685066
Chislehurst,E05013993,3.4518852878540116,1.841073636342444,"(0, 0, 1)","(1, 1, 1, 12)",1.6108116515115676
Thornton Heath,E05011486,10.348779199939376,1.508838203794334,"(0, 1, 1)","(0, 0, 0, 12)",8.839940996145042
Church Street,E05013794,0.60543196911996,0.5708746215318833,"(0, 1, 1)","(1, 1, 1, 12)",0.034557347588076714
Clapham Town,E05014102,4.993417846146876,2.689872835158124,"(0, 0, 1)","(0, 0, 1, 12)",2.3035450109887523
Teddington,E05013788,3.3656053716174097,0.8041077356074845,"(1, 0, 1)","(1, 0, 0, 12)",2.5614976360099253
Clayhall,E05011239,1.559005051256001,1.559005051256001,"(1, 1, 1)","(1, 1, 1, 12)",0.0
Colliers Wood,E05013812,6.061438642003129,2.384286434343384,"(1, 0, 1)","(0, 0, 0, 12)",3.677152207659745
Sutton Central,E05013765,3.2213324062645023,2.1446712989976024,"(0, 1, 1)","(0, 0, 1, 12)",1.0766611072669
College Park & Old Oak,E05013736,6.861673956937698,1.3746900408388958,"(1, 1, 1)","(0, 0, 0, 12)",5.486983916098802
Colindale South,E05013633,6.304052673936354,3.268937759138422,"(0, 1, 1)","(0, 0, 1, 12)",3.035114914797932
Wimbledon Town & Dundonald,E05013829,8.937211626135232,1.3807144295285467,"(1, 1, 1)","(0, 1, 0, 12)",7.556497196606685
Sutton North,E05013766,2.5606063331794857,1.442974171383694,"(1, 1, 1)","(0, 1, 0, 12)",1.1176321617957916
Colindale North,E05013632,2.5371893377035266,1.5716255930333893,"(1, 1, 1)","(1, 1, 0, 12)",0.9655637446701373
Colham & Cowley,E05013566,6.182223018046318,3.2982707166757543,"(1, 1, 0)","(0, 1, 0, 12)",2.8839523013705635
Sutton South,E05013767,15.300885065588705,0.785941761640637,"(0, 0, 1)","(1, 0, 0, 12)",14.514943303948069
Cockfosters,E05013678,9.571561029063668,3.4506199721715287,"(0, 1, 1)","(0, 1, 1, 12)",6.120941056892139
Sutton West & East Cheam,E05013768,2.440026257560835,0.7927409186180636,"(0, 0, 1)","(1, 0, 0, 12)",1.6472853389427713
Clock House,E05013994,3.2358825416997075,0.8380656087007209,"(0, 1, 1)","(0, 0, 0, 12)",2.3978169329989867
Clissold,E05009369,3.7190688555285947,0.5611586793425566,"(0, 0, 1)","(0, 0, 1, 12)",3.157910176186038
Sydenham,E05013731,6.722169090103681,2.6620554378791437,"(1, 0, 1)","(0, 0, 0, 12)",4.060113652224537
Clerkenwell,E05013702,9.395897380026422,3.1527141029636474,"(1, 0, 0)","(0, 0, 0, 12)",6.243183277062775
Syon & Brentford Lock,E05013627,5.518892346064282,2.8340754385637363,"(0, 1, 1)","(1, 1, 0, 12)",2.684816907500546
Clementswood,E05011240,2.4179887544665677,1.4800856650073226,"(1, 0, 1)","(0, 0, 0, 12)",0.937903089459245
Stockwell East,E05014110,2.4551485833608497,1.434107788204119,"(1, 1, 1)","(1, 0, 1, 12)",1.0210407951567306
Chingford Green,E05013885,6.725545635187496,3.622120469553187,"(1, 0, 1)","(0, 0, 1, 12)",3.103425165634309
Dollis Hill,E05013500,5.643548535717717,2.147451672155012,"(0, 0, 1)","(0, 0, 1, 12)",3.4960968635627054
Stepney Green,E05009334,4.796525610660659,1.7680966919432026,"(0, 1, 1)","(1, 0, 0, 12)",3.0284289187174562
Fairlop,E05011242,1.8315593555015797,0.9497326259302106,"(1, 0, 0)","(0, 0, 0, 12)",0.8818267295713691
Fairfield,E05011468,5.726094394693622,3.8746589837573207,"(1, 0, 1)","(1, 0, 1, 12)",1.851435410936301
St Giles,E05011115,6.406163669924226,3.045336213740052,"(1, 0, 0)","(0, 1, 0, 12)",3.3608274561841736
Evelyn,E05013721,3.976043423895238,2.638104224534906,"(0, 0, 1)","(0, 1, 1, 12)",1.3379391993603318
Erith,E05011225,3.390049370359884,1.3692938464812048,"(0, 0, 0)","(0, 0, 1, 12)",2.0207555238786794
St Helier,E05013824,4.390090065936626,2.288048060087397,"(1, 0, 1)","(1, 0, 1, 12)",2.1020420058492286
Enfield Lock,E05013680,5.943405785397221,2.934689540119941,"(1, 1, 1)","(0, 0, 0, 12)",3.0087162452772804
St George's,E05011114,6.814787719447124,2.5404200258725713,"(1, 0, 1)","(0, 0, 0, 12)",4.274367693574552
St Helier East,E05013761,3.894432544796464,1.1775507256565034,"(0, 1, 1)","(0, 0, 1, 12)",2.7168818191399606
Emerson Park,E05013970,5.674042890350332,3.0839796841654676,"(1, 1, 0)","(1, 0, 0, 12)",2.5900632061848645
Winchmore Hill,E05013696,4.396249918790052,2.387738479985513,"(1, 0, 1)","(0, 0, 0, 12)",2.0085114388045393
St Helier West,E05013762,4.653021471062525,2.3189219140415678,"(0, 1, 1)","(0, 0, 1, 12)",2.334099557020957
Eltham Town & Avery Hill,E05014079,7.928839841518381,3.2795577541409853,"(1, 1, 1)","(0, 1, 0, 12)",4.6492820873773955
St James,E05013899,3.046991411620198,0.7485774529347837,"(1, 0, 0)","(0, 0, 0, 12)",2.2984139586854146
Eltham Park & Progress,E05014078,4.695215067030475,1.8053229823471924,"(1, 0, 0)","(0, 0, 1, 12)",2.8898920846832823
Eltham Page,E05014077,7.175438726298019,0.6886007707288949,"(0, 1, 1)","(0, 0, 1, 12)",6.486837955569124
Endlebury,E05013886,3.138922886104883,1.2395870189422629,"(0, 1, 1)","(0, 0, 0, 12)",1.89933586716262
St James's,E05013806,6.918311899217149,4.971636364602266,"(0, 0, 1)","(1, 0, 0, 12)",1.946675534614883
Falconbrook,E05014012,4.202061500479978,0.9682424755873256,"(0, 1, 0)","(0, 1, 1, 12)",3.2338190248926524
Falconwood & Welling,E05011226,4.930367655775853,1.9955465942577968,"(1, 1, 0)","(0, 0, 0, 12)",2.934821061518056
Forest Gate South,E05013912,3.1637379154179093,1.8038689755021637,"(1, 0, 0)","(0, 0, 0, 12)",1.3598689399157455
Springfield,E05009383,4.542447131560686,2.0368320503471593,"(1, 1, 0)","(0, 0, 0, 12)",2.5056150812135267
Forest Gate North,E05013911,2.1200976865502232,0.726358297164403,"(1, 0, 1)","(0, 0, 1, 12)",1.39373938938582
Forest,E05013887,5.021556895471248,2.4576781955293163,"(1, 1, 0)","(0, 0, 1, 12)",2.5638786999419314
Squirrels Heath,E05013985,2.9458388396361888,1.775817677634193,"(1, 0, 0)","(1, 0, 1, 12)",1.1700211620019958
Finsbury Park,E05013703,7.670392585576608,4.236607465111927,"(1, 1, 0)","(0, 0, 0, 12)",3.433785120464681
St Alban's,E05013981,2.8060399219074985,0.9967918473657988,"(1, 1, 0)","(0, 0, 1, 12)",1.8092480745416997
St Edward's,E05013983,8.119651625346782,0.778588161716159,"(1, 0, 0)","(1, 0, 1, 12)",7.341063463630623
Finchley Church End,E05013639,7.503006006914034,1.310368757501218,"(1, 0, 0)","(0, 0, 1, 12)",6.192637249412816
St Andrew's,E05013982,3.441857498502044,2.091920938777121,"(1, 0, 0)","(0, 0, 0, 12)",1.3499365597249229
Feltham West,E05013614,4.5357985179383515,0.6461380614497864,"(1, 1, 0)","(0, 1, 0, 12)",3.8896604564885653
St Ann's,E05013597,4.456690667141618,2.4029103422019293,"(1, 1, 1)","(1, 0, 1, 12)",2.053780324939689
Feltham North,E05013613,4.4804329801126555,1.1307586695491776,"(1, 1, 1)","(0, 0, 0, 12)",3.349674310563478
Farnborough & Crofton,E05013997,3.5737048861950247,1.3015131203073085,"(1, 0, 1)","(0, 0, 0, 12)",2.272191765887716
St Dunstan's,E05009329,5.0534829710757325,2.076495584520821,"(0, 1, 0)","(0, 0, 1, 12)",2.9769873865549115
Faraday,E05011102,8.826788475104767,6.698207427917027,"(1, 0, 1)","(1, 0, 0, 12)",2.1285810471877395
Figge's Marsh,E05013814,1.9373619977914798,1.8663175130276035,"(1, 1, 1)","(0, 1, 1, 12)",0.07104448476387626
Elm Park,E05013969,1.444340617971017,0.481404583266738,"(0, 1, 1)","(0, 1, 0, 12)",0.962936034704279
St Katharine's & Wapping,E05009330,6.1573324168017,1.5855893933950094,"(1, 0, 1)","(1, 0, 1, 12)",4.5717430234066905
Edmonton Green,E05013679,6.056295640623478,3.0,"(0, 1, 0)","(0, 0, 0, 12)",3.0562956406234782
East Finchley,E05013636,7.203396746382027,5.049752469181039,"(0, 0, 0)","(0, 1, 0, 12)",2.1536442772009883
St Paul's Cray,E05014007,1.5312427398009405,1.343881914461864,"(1, 1, 0)","(0, 1, 0, 12)",0.1873608253390766
East Barnet,E05013635,3.360145806500685,2.60839046665847,"(0, 0, 1)","(1, 1, 0, 12)",0.751755339842215
St Peter's & Canalside,E05013711,3.3802437414323103,1.8805264483361364,"(0, 1, 0)","(1, 0, 0, 12)",1.499717293096174
East Acton,E05013522,6.32498401515901,1.2111867149504048,"(1, 0, 0)","(0, 0, 0, 12)",5.113797300208605
Earl's Court,E05009395,7.452389293286559,3.324459364370068,"(0, 1, 1)","(0, 0, 0, 12)",4.12792992891649
St. Helen's,E05009404,1.2227611207016187,0.5000047343499208,"(0, 1, 0)","(0, 0, 1, 12)",0.7227563863516979
East Greenwich,E05014076,4.757971794351755,1.1369849035330715,"(0, 1, 0)","(1, 0, 0, 12)",3.620986890818684
Ealing Common,E05013521,2.741951292447732,1.3013951515368107,"(0, 1, 1)","(1, 0, 0, 12)",1.4405561409109213
Stamford Hill West,E05009384,1.8738004787916647,1.0954912895680287,"(1, 1, 0)","(1, 0, 0, 12)",0.778309189223636
Dulwich Wood,E05011101,9.683467769282856,1.5369619569336008,"(1, 0, 0)","(0, 0, 0, 12)",8.146505812349256
Stanley,E05009405,5.972192267298402,1.9192550001848228,"(1, 0, 0)","(0, 0, 0, 12)",4.052937267113579
Dulwich Village,E05011100,4.964440093973362,0.46701542486177355,"(1, 0, 1)","(0, 0, 0, 12)",4.497424669111589
Dulwich Hill,E05011099,2.7317337024329866,0.9418393741611878,"(0, 1, 1)","(1, 0, 1, 12)",1.789894328271799
Stanmore,E05013560,4.4324879494880385,2.8183275281349465,"(0, 1, 0)","(1, 0, 1, 12)",1.614160421353092
Downham,E05013720,9.717696561010975,1.8370803204086519,"(0, 0, 1)","(1, 1, 1, 12)",7.880616240602323
Ealing Broadway,E05013520,7.575894255616921,1.7180988714490155,"(0, 1, 1)","(0, 1, 0, 12)",5.857795384167906
St Pancras & Somers Town,E05013669,4.662270666691963,2.8651272450217973,"(1, 1, 1)","(0, 0, 0, 12)",1.797143421670166
East Ham,E05013909,7.643845784151597,2.715752467020499,"(0, 0, 0)","(0, 0, 1, 12)",4.928093317131098
St Mary's & St James',E05013710,6.768629376635431,2.0615528128088303,"(0, 1, 0)","(0, 0, 0, 12)",4.7070765638266
Edgwarebury,E05013638,11.862304697028106,2.3361749222095436,"(0, 1, 0)","(0, 0, 1, 12)",9.526129774818562
St Margarets & North Twickenham,E05013785,3.017328640227214,0.7456974754593124,"(1, 0, 0)","(1, 0, 0, 12)",2.2716311647679017
Edgware,E05013637,9.696716207310688,4.0065199872419806,"(0, 1, 0)","(1, 0, 0, 12)",5.6901962200687075
St Mark's & Seething Wells,E05013943,5.125480896730347,2.2510826255232086,"(0, 1, 1)","(0, 0, 1, 12)",2.8743982712071388
Edgware,E05013545,4.348644743921635,0.8660254037844386,"(0, 1, 0)","(0, 0, 0, 12)",3.4826193401371963
Eastcote,E05013567,1.9745597312394112,0.13443269972983807,"(1, 0, 1)","(0, 0, 0, 12)",1.840127031509573
St Martin's,E05014109,3.019584077926254,1.961898625227738,"(1, 1, 0)","(1, 1, 1, 12)",1.057685452698516
Eastbury,E05014060,8.142148869110239,4.396495384803352,"(1, 1, 0)","(0, 0, 0, 12)",3.745653484306887
St Mary Cray,E05014006,13.940248235501603,2.219875577163309,"(0, 0, 1)","(1, 1, 1, 12)",11.720372658338293
Eastbrook & Rush Green,E05014059,4.209475668880913,1.6399017049926314,"(0, 1, 1)","(1, 0, 0, 12)",2.5695739638882813
East Wickham,E05011224,3.0058655451864555,1.1244065970808066,"(1, 0, 0)","(1, 0, 1, 12)",1.881458948105649
St Mary's,E05014018,4.186419528523479,1.8708286933869707,"(0, 0, 0)","(0, 1, 0, 12)",2.3155908351365087
East Sheen,E05013775,13.382417010976516,2.7386127875258306,"(0, 0, 0)","(0, 1, 0, 12)",10.643804223450685
St Mary's & St James,E05011229,7.150529352557579,1.6446607472096149,"(1, 0, 1)","(0, 0, 0, 12)",5.505868605347964
East Putney,E05014011,3.686507346519895,2.3381894107365997,"(0, 1, 1)","(1, 0, 0, 12)",1.3483179357832955
Worcester Park North,E05013772,2.3890505082382005,0.6978929960009503,"(1, 0, 0)","(1, 0, 1, 12)",1.6911575122372502
East Ham South,E05013910,2.2825884615160645,0.7569268347462269,"(0, 0, 0)","(1, 0, 0, 12)",1.5256616267698377
Dormers Wells,E05013519,5.568436994017499,0.8454516263586747,"(0, 0, 0)","(1, 0, 0, 12)",4.722985367658824
Tokyngton,E05013512,3.226586819429003,2.9092677802288827,"(0, 1, 1)","(0, 0, 0, 12)",0.3173190392001204
Childs Hill,E05013631,6.573638037990413,2.8161015008577768,"(1, 0, 0)","(1, 0, 1, 12)",3.7575365371326366
Tollington,E05013712,6.538314336227017,2.2729933827351236,"(0, 0, 1)","(1, 0, 0, 12)",4.2653209534918926
Borough & Bankside,E05011095,7.654020140422354,3.3162729961902055,"(0, 1, 1)","(1, 0, 0, 12)",4.337747144232148
Wealdstone South,E05013562,3.037045526774785,1.5916123570145855,"(1, 1, 1)","(1, 0, 1, 12)",1.4454331697601996
Boleyn,E05013905,15.046660262223167,1.5811388300841898,"(0, 0, 0)","(0, 1, 0, 12)",13.465521432138978
Bloomsbury,E05013653,15.156030771195915,3.1174601536679236,"(0, 0, 0)","(1, 0, 1, 12)",12.038570617527991
Weavers,E05009335,5.90383614657632,5.115665206960447,"(0, 0, 0)","(1, 0, 1, 12)",0.7881709396158731
Blendon & Penhill,E05011221,17.153503056077653,1.224744871391589,"(0, 0, 0)","(0, 1, 0, 12)",15.928758184686064
Welsh Harp,E05013513,12.912248680519909,2.3007138080475222,"(0, 0, 1)","(0, 0, 1, 12)",10.611534872472387
Bounds Green,E05013586,3.143530391475562,2.648529896083796,"(1, 1, 1)","(0, 0, 1, 12)",0.49500049539176594
Blackwall & Cubitt Town,E05009318,4.3017738138963155,3.8601133428051084,"(0, 1, 0)","(1, 1, 0, 12)",0.4416604710912071
Wembley Central,E05013514,2.939899985606306,1.3703148713195323,"(1, 0, 0)","(0, 0, 0, 12)",1.5695851142867736
Blackheath,E05013715,5.154628299635176,2.850498740845844,"(1, 1, 1)","(0, 0, 0, 12)",2.304129558789332
Wembley Hill,E05013515,3.2059385568947945,1.3228770211004632,"(0, 0, 0)","(0, 0, 1, 12)",1.8830615357943312
Blackfen & Lamorbey,E05011220,3.2111575261478342,2.5849810850111474,"(1, 1, 0)","(1, 0, 0, 12)",0.6261764411366868
Biggin Hill,E05013989,3.679955107360684,1.261760012843941,"(1, 0, 1)","(0, 0, 1, 12)",2.4181950945167427
Wembley Park,E05013516,1.5568756458700495,1.5207019614226829,"(0, 0, 0)","(0, 0, 1, 12)",0.03617368444736657
Bickley & Sundridge,E05013988,7.232587613527952,5.338539126018998,"(0, 1, 0)","(0, 1, 0, 12)",1.8940484875089538
Blackheath Westcombe,E05014073,8.24903143051077,3.82543821480794,"(0, 1, 1)","(0, 0, 0, 12)",4.42359321570283
Wendell Park,E05013750,1.0662737124406054,0.36084040507270754,"(0, 1, 1)","(0, 1, 1, 12)",0.7054333073678979
Wealdstone North,E05013561,1.7289780455052404,1.090449981942292,"(0, 0, 1)","(0, 0, 1, 12)",0.6385280635629484
Waterloo & South Bank,E05014118,3.3788594048848806,2.5220076663528674,"(1, 0, 1)","(0, 0, 0, 12)",0.8568517385320131
Wandle,E05013826,4.056114678046928,1.7145816923646044,"(0, 1, 1)","(0, 0, 0, 12)",2.3415329856823233
Brixton Windrush,E05014098,9.973298603639604,1.9578850437895328,"(1, 0, 0)","(0, 1, 1, 12)",8.01541355985007
Brixton Rush Common,E05014097,1.8769189589965236,1.4234660024323569,"(0, 1, 0)","(1, 1, 1, 12)",0.45345295656416673
Wandle,E05014026,29.703179482317626,0.613892261970984,"(0, 0, 0)","(1, 0, 0, 12)",29.08928722034664
Brixton North,E05014096,2.7166226657832375,0.9293771153214047,"(1, 0, 0)","(0, 0, 0, 12)",1.787245550461833
Wandsworth Common,E05014027,6.051474371659121,2.1009591342887024,"(1, 0, 1)","(0, 0, 0, 12)",3.9505152373704187
Brixton Acre Lane,E05014095,1.5172070123995278,1.2235768136977638,"(0, 0, 1)","(1, 0, 1, 12)",0.293630198701764
Bow East,E05009319,7.5756428006171905,3.03148221252127,"(0, 0, 0)","(0, 0, 1, 12)",4.54416058809592
Brimsdown,E05013674,2.9827670991958333,1.7716725159065358,"(1, 0, 0)","(0, 0, 0, 12)",1.2110945832892974
Bridge,E05011236,2.41947412986059,0.45020781693399153,"(1, 1, 0)","(1, 0, 0, 12)",1.9692663129265984
Wanstead Park,E05011254,6.522204779104555,2.989981172418316,"(0, 1, 1)","(0, 1, 0, 12)",3.5322236066862396
Brentford West,E05013608,10.94341845943293,1.201091452024699,"(0, 0, 1)","(0, 0, 1, 12)",9.742327007408232
Brentford East,E05013607,3.466631995738461,1.417520773850234,"(0, 1, 1)","(0, 0, 0, 12)",2.049111221888227
Wanstead Village,E05011255,6.52793529913845,1.1899246616673516,"(1, 1, 0)","(0, 0, 0, 12)",5.338010637471099
Bowes,E05013673,4.748243760990338,0.994575465992627,"(1, 0, 0)","(0, 0, 0, 12)",3.753668294997711
Bow West,E05009320,4.886040385049942,2.031030424806597,"(0, 0, 0)","(0, 0, 1, 12)",2.8550099602433447
Wandsworth Town,E05014028,9.936934308189008,3.9110202356963355,"(1, 0, 0)","(0, 0, 0, 12)",6.025914072492672
Bexleyheath,E05011219,3.245161827477368,0.6096959369190789,"(0, 0, 1)","(1, 0, 0, 12)",2.6354658905582893
Bethnal Green West,E05009331,13.689022837716612,4.6971401269966195,"(1, 0, 0)","(1, 0, 1, 12)",8.991882710719992
West Barnes,E05013827,3.9063774824586366,0.5143480289369239,"(0, 0, 1)","(0, 0, 1, 12)",3.3920294535217126
Beckton,E05013904,5.9430058942150685,1.8985446850811736,"(0, 0, 1)","(0, 0, 0, 12)",4.044461209133895
Beckenham Town & Copers Cope,E05013987,9.420449559874292,7.826237921249264,"(0, 0, 0)","(0, 1, 0, 12)",1.594211638625028
West Heath,E05011233,2.5674496602754013,0.8430215146784522,"(1, 0, 1)","(0, 0, 0, 12)",1.7244281455969492
Beam Park,E05013967,3.355777397196134,0.6236095644623235,"(0, 1, 0)","(1, 1, 0, 12)",2.7321678327338104
Beam,E05014056,2.4677108777677157,1.8701210061155091,"(1, 1, 0)","(0, 0, 0, 12)",0.5975898716522066
West Hendon,E05013649,4.710405632567659,3.7651860138566646,"(1, 0, 0)","(1, 0, 1, 12)",0.9452196187109947
Bayswater,E05013793,11.255060098851155,6.910137480534945,"(0, 1, 0)","(0, 1, 0, 12)",4.34492261831621
West Harrow,E05013563,1.1579483441339862,0.8044950914034873,"(1, 0, 0)","(1, 1, 0, 12)",0.3534532527304989
West Hill,E05014029,2.896187699587946,0.8508126997392255,"(0, 1, 1)","(0, 0, 1, 12)",2.0453749998487205
Barnsbury,E05013698,2.6807932845961644,1.34714181591935,"(1, 1, 1)","(1, 0, 0, 12)",1.3336514686768144
William Morris,E05013902,4.221023478887295,2.8722813232690148,"(0, 0, 0)","(0, 1, 0, 12)",1.3487421556182801
West Kensington,E05013751,4.161925799400718,1.4995127121239635,"(0, 0, 1)","(0, 0, 1, 12)",2.6624130872767546
Barnhill,E05013497,3.682877044178573,2.6169033737128506,"(0, 0, 1)","(0, 1, 0, 12)",1.0659736704657226
Barnet Vale,E05013628,6.474726772495568,3.9793379977957137,"(1, 1, 0)","(1, 1, 1, 12)",2.4953887746998547
West Putney,E05014030,3.154736956363868,2.23606797749979,"(0, 0, 0)","(0, 1, 0, 12)",0.9186689788640781
Barnes,E05013774,17.520049480408314,1.4853578077795708,"(1, 0, 0)","(0, 0, 0, 12)",16.034691672628743
Battersea Park,E05014010,5.206745684340672,4.59701985212435,"(1, 0, 1)","(0, 1, 0, 12)",0.6097258322163217
Becontree,E05014057,2.9640565184221046,2.0374518822907746,"(0, 0, 1)","(1, 1, 1, 12)",0.92660463613133
West Hampstead,E05013671,6.560481173152047,1.9390671726988553,"(0, 1, 1)","(1, 0, 1, 12)",4.621414000453191
Beddington,E05013754,1.174641522932746,0.8479634803695749,"(1, 0, 1)","(0, 0, 0, 12)",0.3266780425631711
Bethnal Green East,E05009317,16.36422965672269,6.786789033058871,"(1, 0, 0)","(1, 0, 0, 12)",9.577440623663819
West Drayton,E05013581,3.4107371129759603,1.6412257993228052,"(0, 1, 0)","(0, 0, 1, 12)",1.769511313653155
Berrylands,E05013929,3.438116247099666,1.8714218989570126,"(1, 1, 0)","(1, 0, 1, 12)",1.5666943481426534
Bensham Manor,E05011464,2.459579884954361,2.0753450391014847,"(1, 0, 0)","(1, 1, 0, 12)",0.38423484585287637
West Dulwich,E05014119,5.7550391387601625,0.7071067811865469,"(0, 1, 0)","(0, 0, 0, 12)",5.0479323575736155
Belvedere,E05011218,1.7608420297454226,1.0606816805962251,"(0, 0, 0)","(0, 0, 1, 12)",0.7001603491491974
West End,E05013808,12.901810254791487,11.294838984922189,"(0, 0, 0)","(1, 1, 1, 12)",1.6069712698692982
Belsize,E05013652,5.9482557040128485,2.2446449963082182,"(0, 1, 1)","(0, 0, 1, 12)",3.7036107077046303
Belmore,E05013564,5.269572469529517,3.9645202191208115,"(0, 1, 0)","(1, 0, 0, 12)",1.3050522504087052
West Finchley,E05013648,6.899929247392866,3.9628449439932902,"(1, 1, 0)","(0, 0, 0, 12)",2.937084303399576
Belmont,E05013755,3.20355275521863,1.728179043360641,"(1, 1, 0)","(1, 1, 0, 12)",1.475373711857989
Belmont,E05013542,3.54521666775993,1.8244969408979892,"(0, 1, 1)","(0, 1, 1, 12)",1.7207197268619407
Yiewsley,E05013584,1.4845411980656313,0.7007438409209545,"(1, 0, 1)","(0, 1, 0, 12)",0.7837973571446768
West Green,E05013603,6.286378969186527,2.1180379463297734,"(0, 0, 1)","(1, 0, 1, 12)",4.168341022856753
Bellingham,E05013714,7.626185208230801,2.5486196767610463,"(1, 1, 0)","(0, 0, 1, 12)",5.077565531469755
West Ham,E05013927,3.3718079952715057,0.18026969053097378,"(0, 1, 0)","(1, 0, 0, 12)",3.191538304740532
Bedfont,E05013606,3.248977119376783,2.255997551609194,"(0, 0, 1)","(1, 1, 1, 12)",0.992979567767589
Broad Green,E05011465,3.2676134546945934,1.0881292911373543,"(1, 0, 1)","(0, 0, 0, 12)",2.1794841635572393
Walpole,E05013541,3.7129111033157596,2.0816555114906565,"(1, 0, 0)","(0, 0, 0, 12)",1.631255591825103
Brockley,E05013716,2.9589975629506937,1.1994173514307098,"(1, 0, 0)","(1, 0, 1, 12)",1.759580211519984
Bromley Common & Holwood,E05013990,6.610811279230809,1.6583123951776995,"(1, 1, 0)","(0, 0, 0, 12)",4.95249888405311
Trinity,E05014025,5.426420067273392,0.8271299778916489,"(1, 0, 0)","(0, 0, 0, 12)",4.599290089381744
Centenary,E05013544,4.699376140535979,1.391942971605022,"(0, 1, 0)","(0, 1, 1, 12)",3.3074331689309573
Cazenove,E05009368,4.408969925183934,2.340007833963934,"(0, 0, 1)","(0, 0, 1, 12)",2.06896209122
Tudor,E05013946,4.3994736600125375,1.9741667329711912,"(1, 0, 0)","(1, 0, 1, 12)",2.4253069270413463
Cathall,E05013883,3.280544772559754,1.641366511987757,"(1, 0, 0)","(0, 0, 0, 12)",1.639178260571997
Tufnell Park,E05013713,4.457044721595895,2.9404710190407033,"(1, 1, 1)","(1, 0, 0, 12)",1.5165737025551915
Catford South,E05013717,12.237118310526856,3.503708090639048,"(0, 0, 0)","(1, 0, 1, 12)",8.733410219887809
Central Greenford,E05013518,4.624303496233381,2.307356011603293,"(1, 0, 1)","(0, 1, 0, 12)",2.316947484630088
Carterhatch,E05013677,3.370021849089129,1.4810248026016826,"(0, 0, 1)","(0, 0, 1, 12)",1.8889970464874466
Carshalton South & Clockhouse,E05013757,3.5719397378501085,2.036733155594458,"(1, 0, 0)","(0, 0, 0, 12)",1.5352065822556504
Carshalton Central,E05013756,6.410669574737405,3.906309678523438,"(0, 1, 1)","(1, 1, 0, 12)",2.5043598962139666
Underhill,E05013647,2.870039805531577,0.6608629914853862,"(1, 0, 0)","(0, 0, 0, 12)",2.2091768140461907
Canons,E05013543,2.1246879065648705,0.7071067811865476,"(0, 1, 0)","(0, 0, 0, 12)",1.417581125378323
Upminster,E05013986,2.463502695567817,1.295281209020953,"(1, 1, 0)","(1, 0, 1, 12)",1.1682214865468643
Canonbury,E05013701,4.792416815460205,2.150195341019638,"(1, 0, 1)","(0, 0, 0, 12)",2.6422214744405674
Cannon Hill,E05013811,1.479717521638872,0.6362997343072623,"(0, 0, 0)","(1, 0, 1, 12)",0.8434177873316098
Twickenham Riverside,E05013789,3.464055533196945,1.9491833391810969,"(1, 1, 1)","(1, 1, 0, 12)",1.514872194015848
Chadwell,E05011237,3.258576121551906,2.23606797749979,"(0, 1, 0)","(0, 0, 0, 12)",1.0225081440521162
Town,E05013693,3.5999788959244805,0.9353604543044033,"(0, 0, 1)","(0, 0, 1, 12)",2.6646184416200773
Chadwell Heath,E05014058,3.7596548216723225,1.3506992897926866,"(0, 1, 1)","(1, 0, 1, 12)",2.408955531879636
Chessington South & Malden Rushett,E05013931,1.0895884649298764,0.8311003459078689,"(1, 0, 0)","(1, 1, 0, 12)",0.2584881190220075
Chelsfield,E05013992,3.298853118362488,2.2121065025367868,"(0, 1, 0)","(1, 1, 0, 12)",1.0867466158257013
Tolworth,E05013945,4.856269104076527,2.692582403565363,"(0, 1, 0)","(0, 1, 0, 12)",2.163686700511164
Chelsea Riverside,E05009391,21.59352609595663,2.0413636974782112,"(1, 0, 1)","(0, 1, 0, 12)",19.55216239847842
Cheam,E05013758,11.408816864972314,2.615115354595382,"(1, 1, 0)","(0, 1, 1, 12)",8.793701510376932
Tooting Bec,E05014023,2.8889554475249595,1.6796851845922909,"(1, 0, 0)","(1, 1, 1, 12)",1.2092702629326686
Chaucer,E05011098,82.2128956773944,2.0619490330937356,"(0, 0, 1)","(0, 1, 0, 12)",80.15094664430066
Tooting Broadway,E05014024,3.7629110558335888,1.4976654554794455,"(0, 0, 1)","(1, 0, 0, 12)",2.2652456003541435
Charville,E05013565,4.885113914925341,1.967800934245349,"(1, 1, 0)","(1, 0, 1, 12)",2.9173129806799922
Charlton Village & Riverside,E05014075,4.622069208863755,1.526762880622758,"(0, 1, 1)","(1, 0, 0, 12)",3.0953063282409974
Tottenham Central,E05013601,14.242044395768774,1.2042849035747087,"(0, 0, 0)","(1, 0, 0, 12)",13.037759492194066
Charlton Hornfair,E05014074,5.4064937511210145,0.8888179991739429,"(1, 1, 1)","(0, 0, 1, 12)",4.517675751947071
Tottenham Hale,E05013602,3.4007267900892635,2.5373484450678325,"(1, 0, 1)","(1, 1, 1, 12)",0.863378345021431
Chapel End,E05013884,2.391642049053758,1.8446770608381216,"(0, 1, 0)","(1, 1, 0, 12)",0.5469649882156364
Wormholt,E05013753,2.6776626674204262,1.5184998409787078,"(1, 1, 0)","(0, 0, 0, 12)",1.1591628264417184
Champion Hill,E05011097,2.9862491793360433,1.9621046013647587,"(1, 1, 0)","(0, 0, 0, 12)",1.0241445779712846
Totteridge & Woodside,E05013646,1.1444657078869636,0.9768033565689236,"(0, 1, 1)","(1, 1, 0, 12)",0.16766235131803997
Upper Edmonton,E05013694,16.36596934006871,2.6234413464201465,"(1, 0, 1)","(1, 0, 0, 12)",13.742527993648562
Forest Hill,E05013722,4.611030095260076,1.94980710914878,"(1, 0, 1)","(0, 0, 0, 12)",2.6612229861112957
Canning Town South,E05013907,7.139674084536216,3.0923373991705905,"(0, 1, 0)","(0, 1, 1, 12)",4.047336685365625
Upper Walthamstow,E05013900,4.165922061815052,1.2260058697795546,"(1, 1, 0)","(0, 1, 0, 12)",2.939916192035497
Brunswick Park,E05013629,3.611405620850815,2.2617323205528854,"(1, 0, 1)","(1, 1, 1, 12)",1.3496733002979298
Bruce Castle,E05013587,7.74275150123828,1.0773836987318115,"(1, 0, 1)","(0, 0, 0, 12)",6.665367802506469
Vincent Square,E05013807,1.6605150594682712,0.8364215093934917,"(0, 0, 0)","(1, 0, 1, 12)",0.8240935500747795
Brownswood,E05009367,8.169114020407402,2.338903358514486,"(1, 1, 1)","(0, 0, 1, 12)",5.830210661892917
Waddon,E05011487,5.275775807222407,1.4078244641300328,"(1, 0, 0)","(0, 0, 0, 12)",3.8679513430923738
Brook Green,E05013735,5.337445694969749,3.388329628283885,"(0, 0, 1)","(0, 0, 1, 12)",1.949116066685864
Walham Green,E05013749,3.588386912627058,2.431648408815776,"(1, 0, 0)","(0, 0, 0, 12)",1.1567385038112818
Village,E05014070,6.324216187087577,3.6910779768659023,"(1, 1, 1)","(0, 0, 0, 12)",2.633138210221675
Brondesbury Park,E05013498,8.846084295843255,2.173877929613326,"(0, 1, 1)","(0, 0, 1, 12)",6.672206366229929
Wall End,E05013926,5.924375961691578,1.913562111882714,"(1, 0, 0)","(0, 1, 1, 12)",4.010813849808864
Bromley Town,E05013991,3.9545674409532667,3.462675870212025,"(1, 0, 0)","(1, 1, 1, 12)",0.4918915707412417
Wallington North,E05013770,1.8974644885963654,1.20499281704891,"(1, 1, 0)","(0, 0, 0, 12)",0.6924716715474555
Bromley South,E05009322,5.205587949290785,1.405040246039065,"(0, 0, 1)","(0, 0, 1, 12)",3.80054770325172
Yeading,E05013583,3.6119987141787253,1.3693047329424506,"(0, 1, 0)","(0, 1, 1, 12)",2.2426939812362745
Bromley North,E05009321,5.541886329066198,3.135758995824242,"(1, 1, 1)","(0, 0, 1, 12)",2.4061273332419564
Wallington South,E05013771,2.0749263048650435,1.2815499041858782,"(1, 0, 1)","(0, 0, 1, 12)",0.7933764006791653
Brompton & Hans Town,E05009389,9.77483770423872,0.44343591316761816,"(1, 0, 1)","(0, 0, 0, 12)",9.331401791071102
Bullsmoor,E05013675,1.727120818242673,1.1623163511846133,"(1, 0, 1)","(1, 0, 1, 12)",0.5648044670580596
Village,E05013825,7.027367886634714,2.846991426821014,"(1, 0, 0)","(1, 0, 0, 12)",4.1803764598137
Wimbledon Park,E05013828,3.9131351856569503,1.1451272704766366,"(1, 0, 1)","(0, 0, 0, 12)",2.7680079151803136
Cann Hall,E05013882,3.6264117134868576,1.5346230366811955,"(1, 0, 0)","(1, 1, 1, 12)",2.0917886768056624
Uxbridge,E05013580,18.113568058491094,1.3030740659355722,"(1, 1, 1)","(0, 0, 0, 12)",16.81049399255552
Canbury Gardens,E05013930,4.192466349767873,0.772243428020331,"(0, 0, 1)","(1, 0, 0, 12)",3.420222921747542
Canary Wharf,E05009323,12.151315840216247,1.130850091133928,"(0, 1, 1)","(0, 0, 0, 12)",11.02046574908232
Valence,E05014069,4.5951670037074095,2.1174945607032196,"(1, 1, 1)","(0, 0, 0, 12)",2.47767244300419
Campden,E05009390,1.2845367371597487,0.6870570606877398,"(1, 1, 0)","(1, 0, 1, 12)",0.597479676472009
Valentines,E05011253,2.2725492980593436,1.6061355539968647,"(1, 0, 1)","(1, 0, 1, 12)",0.6664137440624789
Camden Town,E05013655,2.2033279412972644,2.1794527389483576,"(1, 1, 1)","(0, 1, 1, 12)",0.023875202348906832
Camden Square,E05013654,2.8712557440003033,0.5084447700669682,"(0, 1, 1)","(1, 0, 0, 12)",2.362810973933335
Valley,E05013901,2.342450249412027,0.6364198657674482,"(1, 0, 0)","(0, 0, 0, 12)",1.7060303836445787
Camberwell Green,E05011096,9.144493475325817,5.408326913195984,"(0, 0, 0)","(0, 1, 0, 12)",3.7361665621298323
Caledonian,E05013700,1.438702720386708,1.438702720386708,"(1, 1, 1)","(1, 1, 1, 12)",0.0
Vauxhall,E05014117,6.252017547399342,1.6285236659670639,"(1, 0, 0)","(1, 1, 0, 12)",4.623493881432278
Bush Hill Park,E05013676,7.006093950974631,2.125229136776868,"(1, 0, 0)","(1, 0, 0, 12)",4.880864814197763
Victoria,E05009386,9.007585101593024,2.2030048495683987,"(0, 1, 1)","(0, 0, 1, 12)",6.804580252024626
Burnt Oak,E05013630,11.535630084715173,0.9683949080479831,"(0, 0, 0)","(0, 0, 1, 12)",10.56723517666719
Bunhill,E05013699,7.298524854227005,2.8467505284821764,"(0, 0, 1)","(0, 0, 1, 12)",4.451774325744829
Canning Town North,E05013906,5.059105315046165,2.925490182072662,"(1, 1, 1)","(1, 0, 0, 12)",2.1336151329735027
West Thamesmead,E05014091,4.995301731565795,0.5377271039402183,"(1, 0, 1)","(1, 0, 1, 12)",4.4575746276255765
Spitalfields & Banglatown,E05009333,23.8525317029203,2.173532498906369,"(0, 0, 0)","(1, 1, 0, 12)",21.67899920401393
Southgate,E05013692,2.4697792204025673,0.9452671487501425,"(0, 0, 1)","(1, 1, 1, 12)",1.5245120716524247
Ladywell,E05013725,8.44068723294942,2.8643431961801444,"(0, 1, 1)","(0, 0, 0, 12)",5.576344036769276
Petts Wood & Knoll,E05014003,3.71931892378382,1.7465599264218934,"(0, 1, 1)","(0, 0, 0, 12)",1.9727589973619266
Lady Margaret,E05013526,2.8893178190296673,1.4076764324156725,"(0, 0, 0)","(1, 0, 0, 12)",1.4816413866139948
Pimlico North,E05013802,3.9117132907272145,1.5894239403275694,"(1, 1, 0)","(0, 0, 0, 12)",2.322289350399645
Knightsbridge & Belgravia,E05013797,6.5422998270054995,1.5360841925106083,"(1, 1, 0)","(0, 0, 1, 12)",5.006215634494891
Knight's Hill,E05014106,4.048692912335484,1.0490650029107154,"(0, 1, 1)","(1, 0, 1, 12)",2.999627909424768
Pimlico South,E05013803,2.5270461100282167,2.5270461100282167,"(1, 1, 1)","(1, 1, 1, 12)",0.0
Lancaster Gate,E05013798,4.951273498612399,1.8871629273512003,"(0, 1, 1)","(0, 0, 1, 12)",3.0641105712611987
Kingston Town,E05013938,2.1308872716111953,0.34622081543351346,"(0, 1, 1)","(0, 1, 0, 12)",1.784666456177682
Kingston Gate,E05013937,3.2441987590325767,0.7019632687250315,"(0, 0, 1)","(1, 0, 1, 12)",2.5422354903075455
Kingsbury,E05013504,3.9677459429862236,3.24037034920393,"(0, 1, 0)","(0, 0, 0, 12)",0.7273755937822934
Pinner,E05013555,4.359494103415182,3.031394595464769,"(0, 0, 1)","(1, 0, 1, 12)",1.3280995079504128
King's Park,E05009379,4.725287963897578,0.9374199130457588,"(1, 0, 0)","(0, 0, 0, 12)",3.7878680508518197
King's Cross,E05013666,6.321502618533216,3.4203022235432665,"(1, 0, 1)","(0, 0, 0, 12)",2.90120039498995
Pinner South,E05013556,1.4930495805997717,0.3924474379014939,"(0, 0, 1)","(1, 1, 0, 12)",1.1006021426982777
King George's & Sunray,E05013936,2.034165881977135,1.808875588338253,"(1, 1, 0)","(1, 0, 1, 12)",0.2252902936388821
Pinkwell,E05013576,15.645650869682669,3.108498317367807,"(1, 0, 1)","(1, 0, 0, 12)",12.537152552314861
Pitshanger,E05013535,5.560747112982383,3.791433560289373,"(0, 1, 0)","(0, 0, 1, 12)",1.7693135526930095
Perry Vale,E05013729,5.390306317749176,0.3988637867264744,"(0, 0, 0)","(1, 0, 1, 12)",4.9914425310227015
Perivale,E05013534,2.0951966166196803,1.0497854983177002,"(1, 0, 1)","(1, 0, 0, 12)",1.04541111830198
Parsloes,E05014067,10.212655651491279,1.6546403503946638,"(1, 1, 1)","(1, 0, 1, 12)",8.558015301096615
Leytonstone,E05013897,1.0253965262832414,0.4546876575601195,"(1, 0, 0)","(1, 1, 0, 12)",0.5707088687231219
Leyton,E05013896,3.2659377411396915,1.5032536794597027,"(1, 0, 1)","(1, 1, 0, 12)",1.7626840616799888
Parsons Green & Sandford,E05013745,1.1352108032568418,0.7332010681356513,"(1, 0, 0)","(1, 0, 0, 12)",0.4020097351211904
Lewisham Central,E05013727,3.948583316147033,2.6750636314824834,"(0, 1, 0)","(1, 1, 1, 12)",1.2735196846645498
Peckham,E05011110,11.009702442688772,2.519248604925279,"(0, 0, 1)","(0, 1, 0, 12)",8.490453837763493
Lee Green,E05013726,3.498228989475987,1.4577349495592407,"(0, 0, 0)","(0, 0, 1, 12)",2.040494039916746
Lansbury,E05009325,10.774288502238552,6.947919018397648,"(1, 0, 0)","(0, 0, 0, 12)",3.826369483840904
Lea Bridge,E05013895,4.943592129791482,2.229700050106795,"(0, 1, 1)","(1, 0, 1, 12)",2.7138920796846873
Lea Bridge,E05009380,5.154279634744148,1.6386484392250045,"(1, 0, 1)","(1, 0, 1, 12)",3.515631195519143
Pembridge,E05009400,3.752593299734388,2.6283402002034744,"(1, 1, 0)","(0, 0, 0, 12)",1.1242530995309137
Laycock,E05013708,5.849865373553821,2.2317594702156933,"(0, 1, 1)","(0, 0, 0, 12)",3.6181059033381278
Lavender Fields,E05013817,7.022331475685124,2.7583233586483384,"(0, 1, 0)","(1, 0, 0, 12)",4.264008117036785
Penge & Cator,E05014002,4.966171217081682,1.5937993880067123,"(1, 0, 1)","(0, 0, 0, 12)",3.3723718290749694
Lavender,E05014014,3.967000786115128,2.4749024293644584,"(0, 0, 0)","(0, 0, 1, 12)",1.4920983567506698
Larkswood,E05013894,3.2225383008184156,1.9475370269484256,"(1, 0, 0)","(1, 0, 0, 12)",1.27500127386999
Peckham Rye,E05011111,2.3895918360792665,1.7144515411716552,"(1, 1, 0)","(1, 1, 0, 12)",0.6751402949076113
Kilburn,E05013665,5.159872566961343,4.768560547388423,"(1, 0, 1)","(1, 1, 0, 12)",0.3913120195729194
Kilburn,E05013503,11.825218505204669,1.3231628959013593,"(0, 0, 0)","(0, 0, 1, 12)",10.502055609303309
Plaistow,E05014004,5.766991854756861,3.7989058840101855,"(1, 1, 0)","(1, 0, 1, 12)",1.9680859707466754
Jubilee,E05013684,5.493085369601224,2.692582403566953,"(0, 1, 0)","(0, 1, 0, 12)",2.800502966034271
Isleworth,E05013625,2.722296898103657,2.240402009112472,"(1, 1, 0)","(1, 1, 1, 12)",0.4818948889911847
Poplar,E05009328,2.555308062862654,1.7376234977406844,"(0, 0, 1)","(1, 1, 1, 12)",0.8176845651219695
Island Gardens,E05009324,6.057355519776314,1.5663397274115602,"(1, 0, 1)","(1, 1, 0, 12)",4.491015792364753
Preston,E05013506,2.577093268901093,1.845900249464504,"(0, 0, 1)","(1, 1, 1, 12)",0.731193019436589
Ilford Town,E05011246,5.542223565544944,2.277626557122985,"(0, 0, 0)","(0, 0, 1, 12)",3.2645970084219593
Ickenham & South Harefield,E05013573,3.247012278907985,1.6537407950873289,"(0, 0, 1)","(1, 0, 1, 12)",1.593271483820656
Ponders End,E05013689,10.410288778728095,2.7866671137670656,"(1, 1, 1)","(1, 0, 1, 12)",7.623621664961029
Primrose Hill,E05013667,4.817885073057626,1.738563348875759,"(1, 1, 0)","(0, 1, 0, 12)",3.079321724181867
Hyde Park,E05013796,7.983807143373646,2.9328653971424345,"(1, 0, 1)","(0, 0, 1, 12)",5.050941746231212
Purley & Woodcote,E05011476,5.059714459263014,0.5260023063934274,"(0, 1, 1)","(1, 1, 1, 12)",4.533712152869587
Hoxton West,E05009378,13.016977858268561,1.6455375691702703,"(0, 0, 1)","(1, 0, 1, 12)",11.37144028909829
Purley Oaks & Riddlesdown,E05011477,1.9816005135514072,0.6474493185997572,"(1, 1, 0)","(0, 0, 0, 12)",1.33415119495165
Hoxton East & Shoreditch,E05009377,43.60059524431089,3.17314053494703,"(1, 1, 0)","(0, 0, 0, 12)",40.42745470936386
Hounslow West,E05013624,3.2310998239873894,1.8269312456265439,"(1, 1, 1)","(1, 1, 0, 12)",1.4041685783608455
Queen's Gate,E05009401,3.701753177335123,1.4239379940415058,"(1, 1, 1)","(0, 0, 0, 12)",2.277815183293617
Hylands & Harrow Lodge,E05013976,3.7062137430041724,1.8014467518351336,"(1, 1, 0)","(1, 0, 1, 12)",1.9047669911690388
Junction,E05013707,35.962311118641345,2.590320676965067,"(1, 0, 1)","(1, 0, 1, 12)",33.37199044167628
Kelsey & Eden Park,E05013999,4.589669812943982,0.8565638607043127,"(0, 1, 0)","(1, 0, 1, 12)",3.7331059522396695
Pollards Hill,E05013821,2.0728358157627023,1.486918358329193,"(0, 1, 1)","(1, 1, 0, 12)",0.5859174574335093
Kidbrooke Village & Sutcliffe,E05014084,8.155656682912678,2.518513199607335,"(1, 1, 1)","(1, 0, 0, 12)",5.637143483305342
Plaistow North,E05013918,3.774497018060975,3.6008239046557122,"(1, 0, 1)","(1, 1, 0, 12)",0.17367311340526292
Kidbrooke Park,E05014083,4.776320356581514,0.7521944428286617,"(1, 0, 1)","(1, 0, 1, 12)",4.024125913752852
Kew,E05013782,16.119859579880668,7.337350957090981,"(1, 1, 1)","(1, 0, 0, 12)",8.782508622789686
Plaistow South,E05013919,3.648807631703916,1.2130899000694213,"(1, 1, 1)","(0, 0, 0, 12)",2.4357177316344947
Kenton West,E05013552,3.5706108965457926,1.195207413912229,"(1, 0, 1)","(0, 1, 0, 12)",2.3754034826335637
Plaistow West & Canning Town East,E05013920,1.8905629124797816,1.2478627817101478,"(0, 1, 1)","(0, 0, 1, 12)",0.6427001307696338
Kenton East,E05013551,4.384726691888204,3.3155597770840437,"(1, 1, 0)","(0, 0, 0, 12)",1.0691669148041605
Kenton,E05013502,4.522675513010379,3.538764787738968,"(1, 0, 1)","(1, 0, 0, 12)",0.9839107252714108
Plashet,E05013921,2.6712704932651987,0.9106653250532429,"(0, 1, 1)","(0, 0, 0, 12)",1.760605168211956
Kentish Town South,E05013664,4.205612770731872,0.6373736689924928,"(0, 0, 1)","(1, 1, 1, 12)",3.568239101739379
Plumstead & Glyndon,E05014087,5.299648132296572,1.1617811060508718,"(1, 0, 1)","(0, 0, 0, 12)",4.137867026245701
Kentish Town North,E05013663,9.540483955050044,1.8983326850426776,"(1, 1, 1)","(1, 0, 0, 12)",7.642151270007367
Kennington,E05014105,3.184339599545733,2.422629611753261,"(1, 0, 1)","(1, 1, 1, 12)",0.761709987792472
Plumstead Common,E05014088,5.5365172437677685,2.5967796110034658,"(1, 1, 1)","(0, 0, 1, 12)",2.9397376327643028
Kenley,E05011469,3.116246756320587,1.8212058869053684,"(1, 1, 1)","(0, 1, 0, 12)",1.2950408694152185
Woodside,E05013605,401.100848657263,1.3763286403200723,"(1, 1, 1)","(0, 0, 0, 12)",399.7245200169429
Lillie,E05013742,1.1342323380142532,0.29934989607533635,"(0, 0, 1)","(1, 0, 1, 12)",0.8348824419389168
Hounslow South,E05013623,2.0352509915775205,1.191652495311971,"(1, 1, 0)","(0, 0, 1, 12)",0.8435984962655496
Park Hill & Whitgift,E05011475,2.852220366942907,1.4585281699042356,"(1, 1, 1)","(0, 0, 0, 12)",1.3936921970386715
Little Ilford,E05013915,2.7527727505995885,2.1413634079923676,"(1, 1, 0)","(0, 1, 0, 12)",0.6114093426072209
Northbury,E05014066,2.5336447388873364,1.635302139712565,"(0, 1, 1)","(0, 0, 1, 12)",0.8983425991747713
New Addington North,E05011470,1.6846046190776212,0.7023685508644052,"(0, 0, 1)","(1, 1, 1, 12)",0.982236068213216
Northcote,E05014016,0.8302177679716599,0.6128407702240439,"(0, 1, 0)","(1, 1, 0, 12)",0.21737699774761599
Myatt's Fields,E05014107,5.5279407718981,1.1456228176726242,"(0, 0, 0)","(0, 0, 1, 12)",4.382317954225476
Muswell Hill,E05013594,2.89853729795684,1.094344054494436,"(1, 0, 0)","(0, 0, 0, 12)",1.8041932434624037
Northfield,E05013530,3.0346702235355565,1.5556295333936356,"(1, 1, 1)","(1, 0, 0, 12)",1.4790406901419209
Munster,E05013743,5.433480273292143,3.0329460262952344,"(0, 1, 0)","(0, 0, 1, 12)",2.4005342469969086
New Addington South,E05011471,2.3632421513177775,1.2501636598365922,"(1, 1, 0)","(0, 1, 0, 12)",1.1130784914811853
"Mottingham, Coldharbour & New Eltham",E05014086,3.536441226140122,1.731638528859922,"(1, 0, 1)","(1, 0, 0, 12)",1.8048026972802
Mottingham,E05014000,2.41713799396087,0.531450612738185,"(1, 0, 0)","(1, 0, 0, 12)",1.8856873812226849
Northolt West End,E05013532,5.2786233398061455,2.8614271642963023,"(0, 1, 1)","(1, 0, 0, 12)",2.4171961755098432
Motspur Park & Old Malden East,E05013939,3.8835015899007255,1.9096585999029843,"(1, 1, 0)","(0, 0, 1, 12)",1.9738429899977412
Mortlake & Barnes Common,E05013783,4.2779920918986125,4.2779920918986125,"(1, 1, 1)","(1, 1, 1, 12)",0.0
Northumberland Heath,E05011228,2.0019123735875612,1.2094130198255648,"(1, 0, 0)","(0, 1, 1, 12)",0.7924993537619964
Monkhams,E05011249,3.3927082401360176,1.299678499161786,"(0, 1, 0)","(1, 0, 0, 12)",2.093029740974232
Mill Hill,E05013645,7.452836807199909,3.7630903325073297,"(1, 0, 0)","(1, 1, 1, 12)",3.6897464746925794
Northolt Mandeville,E05013531,7.396383067129643,4.851891091791011,"(0, 1, 1)","(0, 0, 0, 12)",2.544491975338632
Northumberland Park,E05013596,5.680574684091499,2.5260386466230385,"(1, 0, 0)","(0, 0, 1, 12)",3.1545360374684606
New Cross Gate,E05013728,2.57588625587857,2.1132257190794985,"(1, 1, 1)","(1, 0, 0, 12)",0.4626605367990715
New Malden Village,E05013940,2.1754415795164586,1.841580960565793,"(0, 1, 0)","(1, 0, 0, 12)",0.33386061895066566
Norland,E05009398,2.5279095325780934,2.1339925286058614,"(1, 0, 0)","(0, 0, 0, 12)",0.39391700397223195
North Bermondsey,E05011106,5.78480333373736,4.600448459546268,"(1, 0, 1)","(0, 0, 1, 12)",1.1843548741910919
Norbury Park,E05011473,2.5873646251322593,1.7778849348926775,"(1, 0, 1)","(0, 1, 0, 12)",0.8094796902395818
North Cheam,E05013760,4.037836680864384,0.7500009889317025,"(0, 0, 0)","(0, 0, 1, 12)",3.287835691932681
Norbury & Pollards Hill,E05011472,2.4003150325137326,1.4753100525733729,"(1, 1, 1)","(1, 0, 1, 12)",0.9250049799403597
Norbiton,E05013941,2.6902607433736887,0.7119688039305011,"(1, 1, 0)","(0, 0, 0, 12)",1.9782919394431877
North Greenford,E05013528,7.03129538915287,4.02261504030645,"(1, 1, 0)","(0, 1, 1, 12)",3.00868034884642
North Walworth,E05011107,8.035356811288938,2.8816621698097555,"(1, 1, 1)","(0, 0, 0, 12)",5.153694641479182
Noel Park,E05013595,4.0458852978638875,1.4792178369938944,"(0, 1, 1)","(0, 0, 0, 12)",2.566667460869993
Nine Elms,E05014015,3.2818745112513494,1.861952257195047,"(1, 1, 1)","(0, 1, 0, 12)",1.4199222540563023
Newington,E05011105,5.602755624646363,4.754548763268925,"(0, 1, 1)","(1, 0, 1, 12)",0.8482068613774381
North Harrow,E05013554,3.1121579645339525,1.1870285863064047,"(1, 1, 0)","(1, 0, 0, 12)",1.9251293782275478
Newbury,E05011250,2.229052878328665,1.8553243002111113,"(1, 0, 0)","(1, 1, 0, 12)",0.3737285781175539
North Richmond,E05013784,3.766661536355202,1.6440297625784583,"(1, 1, 0)","(1, 0, 1, 12)",2.1226317737767437
New Southgate,E05013686,4.575546537911095,1.8959577954814297,"(0, 1, 0)","(1, 0, 1, 12)",2.6795887424296656
Woodhouse,E05013651,2.548845997479125,1.802775637731996,"(0, 1, 0)","(0, 1, 0, 12)",0.7460703597471292
North Hanwell,E05013529,37.13445053088012,2.690249185667289,"(1, 1, 0)","(1, 0, 0, 12)",34.44420134521283
Mile End,E05009327,5.395831033678733,3.219544073230447,"(1, 0, 0)","(0, 0, 0, 12)",2.176286960448286
Northwick Park,E05013505,3.348040710107498,1.6900097237459024,"(1, 1, 1)","(0, 0, 0, 12)",1.6580309863615954
Mildmay,E05013709,4.780493857486813,1.7124456191447783,"(1, 0, 1)","(1, 0, 0, 12)",3.0680482383420347
Old Malden,E05013942,2.1625649795242965,1.27843577061155,"(0, 1, 0)","(1, 0, 1, 12)",0.8841292089127466
Lower Morden,E05013819,2.0159547787000083,0.8503060792751586,"(1, 0, 1)","(1, 0, 1, 12)",1.1656486994248496
Lower Edmonton,E05013685,4.400518822142091,3.3323674088202915,"(1, 0, 1)","(1, 0, 0, 12)",1.0681514133217997
Orpington,E05014001,8.52094842502666,1.2823418991906461,"(0, 0, 1)","(1, 0, 0, 12)",7.238606525836014
Longthornton,E05013818,8.045481591993308,2.4429187644402552,"(1, 0, 0)","(0, 0, 0, 12)",5.602562827553053
Osterley & Spring Grove,E05013626,8.137958872973757,4.663689526544408,"(0, 0, 0)","(0, 1, 0, 12)",3.474269346429349
Longlands,E05011227,2.2042096453246285,1.3725781818586733,"(1, 1, 0)","(1, 0, 0, 12)",0.8316314634659552
Loxford,E05011247,6.000859705708986,2.682804043529498,"(1, 0, 1)","(0, 0, 0, 12)",3.3180556621794874
Longbridge,E05014064,1.208595538282965,0.9013868256790377,"(0, 1, 0)","(0, 0, 1, 12)",0.30720871260392724
Oval,E05014108,5.300571240588782,1.3873582268200515,"(0, 1, 0)","(1, 0, 0, 12)",3.913213013768731
London Fields,E05009381,5.519894837852662,2.8050304463578297,"(1, 1, 1)","(1, 0, 0, 12)",2.714864391494832
Palace & Hurlingham,E05013744,3.8431707398019457,1.2447408453207793,"(1, 0, 1)","(1, 0, 0, 12)",2.5984298944811663
London Bridge & West Bermondsey,E05011104,9.82619532629764,2.675640231388693,"(1, 1, 1)","(0, 0, 1, 12)",7.150555094908947
Little Venice,E05013799,4.835232602473516,0.9314613289970879,"(1, 0, 0)","(0, 0, 0, 12)",3.903771273476428
Woodside,E05011489,5.294150143126519,3.755675796813756,"(1, 1, 1)","(0, 0, 0, 12)",1.5384743463127628
Palmers Green,E05013688,4.627830933986516,1.6099627635253022,"(0, 0, 0)","(1, 0, 1, 12)",3.017868170461214
Woodberry Down,E05009387,17.25442998422184,1.7836095070496207,"(1, 1, 0)","(1, 0, 0, 12)",15.47082047717222
Old Kent Road,E05011109,6.727799037497468,3.6742346141747673,"(0, 0, 0)","(0, 1, 0, 12)",3.053564423322701
Maida Vale,E05013800,3.8674570240028627,2.9932484926143528,"(1, 0, 0)","(0, 0, 0, 12)",0.87420853138851
Manor Park,E05013916,5.9455878105252316,3.034072401984028,"(0, 1, 1)","(0, 0, 0, 12)",2.9115154085412036
Middle Park & Horn Park,E05014085,3.05870225353588,2.9319390674482575,"(1, 1, 1)","(1, 0, 1, 12)",0.1267631860876226
Northwood,E05013574,5.024696760409495,1.736157354164155,"(1, 1, 0)","(1, 0, 0, 12)",3.2885394062453397
Merton Park,E05013820,4.91626835818154,1.1103707970021066,"(1, 0, 0)","(0, 0, 0, 12)",3.8058975611794335
Northwood Hills,E05013575,5.548794609944937,2.723168816794362,"(0, 0, 1)","(1, 1, 0, 12)",2.825625793150575
Mayfield,E05011248,2.941750695828143,1.1674415990806621,"(1, 0, 1)","(0, 0, 0, 12)",1.7743090967474808
Mayesbrook,E05014065,2.030630795619453,1.0808475290505066,"(0, 1, 0)","(0, 0, 1, 12)",0.9497832665689463
Norwood Green,E05013533,2.970130776693262,1.4577194394336073,"(0, 1, 0)","(0, 1, 1, 12)",1.5124113372596546
Mawneys,E05013978,3.8362421674665144,2.899636189416258,"(0, 0, 1)","(1, 0, 1, 12)",0.9366059780502565
Marylebone,E05013801,15.751626203111584,4.4688043619566615,"(0, 1, 1)","(1, 0, 0, 12)",11.282821841154924
Notting Dale,E05009399,4.600355221550806,0.5413287332643615,"(1, 1, 1)","(0, 0, 0, 12)",4.059026488286444
Maryland,E05013917,6.23829740583163,2.266004533169243,"(0, 0, 1)","(0, 0, 1, 12)",3.9722928726623867
Nunhead & Queen's Road,E05011108,4.626886042542272,0.4155247689249327,"(1, 0, 1)","(0, 0, 0, 12)",4.211361273617339
Marshalls & Rise Park,E05013977,7.4908860507288715,2.1475306481550076,"(0, 1, 1)","(1, 0, 1, 12)",5.343355402573864
Marlborough,E05013553,8.57892572688495,0.8660254037844386,"(0, 1, 0)","(0, 0, 0, 12)",7.712900323100512
Oakwood,E05013687,2.0535907050399684,1.3462899253827663,"(0, 0, 0)","(0, 1, 1, 12)",0.7073007796572022
Markhouse,E05013898,1.3934121859936672,0.6304494088242487,"(0, 0, 1)","(1, 0, 1, 12)",0.7629627771694185
Old Coulsdon,E05011474,2.1650212206925628,1.2751454555401813,"(1, 0, 1)","(0, 1, 0, 12)",0.8898757651523814
Limehouse,E05009326,4.3590453350403475,1.1825570550242264,"(1, 1, 1)","(0, 0, 0, 12)",3.1764882800161214
Hounslow Heath,E05013622,5.598990826322032,1.5441499324180932,"(1, 0, 0)","(0, 0, 1, 12)",4.054840893903939
Queen's Park,E05013804,5.86484010847104,2.2008297013374136,"(0, 1, 1)","(0, 0, 0, 12)",3.6640104071336266
Hounslow East,E05013621,2.017118731337301,1.1457810401514377,"(0, 0, 1)","(0, 1, 1, 12)",0.8713376911858632
Hackney Wick,E05009374,9.34294093009097,1.775159172852273,"(0, 0, 0)","(1, 0, 0, 12)",7.567781757238697
Hackney Downs,E05009373,14.526406889782514,3.2930819206232282,"(1, 0, 0)","(0, 0, 1, 12)",11.233324969159286
Sidcup,E05011230,3.5955049029818937,2.0310562949320428,"(1, 0, 0)","(0, 0, 0, 12)",1.564448608049851
Hackney Central,E05009372,1.8462349290913405,0.667083859444036,"(1, 0, 1)","(1, 0, 0, 12)",1.1791510696473044
Hackbridge,E05013759,4.668944004183992,0.8653604602225755,"(0, 1, 0)","(1, 0, 1, 12)",3.803583543961416
Slade Green & Northend,E05011231,3.0915564134563116,1.058612996861243,"(1, 1, 1)","(0, 0, 1, 12)",2.0329434165950686
Grove Park,E05013723,1.8198343997099187,1.150952356984499,"(0, 0, 0)","(1, 1, 0, 12)",0.6688820427254196
Shortlands & Park Langley,E05014005,4.3747310828149795,2.7999073299940096,"(1, 0, 0)","(0, 0, 0, 12)",1.5748237528209699
South Acton,E05013536,5.318390779087413,3.3892874706162517,"(1, 0, 1)","(0, 0, 1, 12)",1.9291033084711615
Grove,E05013740,6.862836404980297,1.5743201877675381,"(1, 0, 0)","(1, 0, 0, 12)",5.288516217212759
South Balham,E05014020,3.91725428901377,0.9187897068372104,"(1, 0, 0)","(0, 0, 0, 12)",2.9984645821765596
Greenwich Peninsula,E05014082,6.311071002575559,4.536377210103177,"(1, 0, 1)","(1, 0, 0, 12)",1.774693792472382
South Beddington & Roundshaw,E05013763,1.5149161938911102,0.4607525483159778,"(0, 0, 1)","(1, 1, 1, 12)",1.0541636455751324
Greenwich Park,E05014081,4.828671525338942,2.0735842058582854,"(1, 1, 0)","(0, 0, 0, 12)",2.7550873194806567
Greenwich Creekside,E05014080,4.536140511536571,2.4891515642394513,"(1, 0, 1)","(0, 0, 0, 12)",2.0469889472971197
South Bermondsey,E05011116,6.1119999079237735,1.3446620824420799,"(0, 0, 1)","(0, 1, 0, 12)",4.767337825481693
Grove Green,E05013888,1.7858651719754428,1.1113319584273202,"(1, 1, 0)","(0, 0, 0, 12)",0.6745332135481226
Greenhill,E05013546,3.949855344116087,2.324806142517696,"(1, 0, 1)","(0, 1, 0, 12)",1.625049201598391
Hacton,E05013972,2.6611184992722494,1.6513695189554591,"(0, 1, 1)","(1, 0, 0, 12)",1.0097489803167903
Wood End,E05013582,5.243161748229106,1.998652950558647,"(0, 0, 0)","(1, 0, 0, 12)",3.244508797670459
Shacklewell,E05009382,2.832449202829147,0.9942812898368515,"(0, 0, 1)","(1, 0, 1, 12)",1.8381679129922954
Hampton Wick & South Teddington,E05013780,3.71922163228008,0.21216558264829927,"(0, 0, 1)","(1, 1, 1, 12)",3.507056049631781
Shadwell,E05009332,3.773931476600405,2.934243563491914,"(1, 0, 1)","(1, 1, 0, 12)",0.8396879131084911
Hampton North,E05013779,6.466025327862967,0.7231148119555219,"(1, 1, 0)","(0, 0, 1, 12)",5.742910515907445
Hampton,E05013778,1.3933861342684366,0.8207140316794063,"(1, 0, 1)","(1, 1, 0, 12)",0.5726721025890303
Shaftesbury & Queenstown,E05014019,6.793568548500816,3.244138490308583,"(1, 1, 1)","(1, 0, 0, 12)",3.549430058192233
Hampstead Town,E05013659,7.874078779639785,2.1351477406661945,"(1, 0, 0)","(0, 0, 0, 12)",5.73893103897359
Shooters Hill,E05014089,2.236143306106908,1.2039042033453062,"(0, 1, 1)","(0, 0, 1, 12)",1.0322391027616018
Shepherd's Bush Green,E05013748,3.5050604778232146,2.453496040348905,"(0, 0, 1)","(1, 1, 0, 12)",1.0515644374743096
"Ham, Petersham & Richmond Riverside",E05013777,8.219797926560547,0.9385618087258689,"(1, 0, 1)","(1, 0, 0, 12)",7.281236117834679
Shirley North,E05011482,2.2958987304979193,1.1080437698254213,"(1, 0, 1)","(0, 0, 0, 12)",1.187854960672498
Hale End & Highams Park South,E05013889,4.086212416893588,1.594896575684475,"(1, 0, 0)","(0, 0, 0, 12)",2.4913158412091128
Shirley South,E05011483,2.962841178419195,2.1183334356246513,"(1, 1, 0)","(1, 0, 0, 12)",0.8445077427945438
Hainault,E05011245,5.603198740158899,1.5047164379111544,"(0, 1, 0)","(1, 0, 1, 12)",4.098482302247745
Woolwich Common,E05014093,6.977961853380932,1.7693265542748449,"(0, 0, 1)","(0, 0, 1, 12)",5.208635299106087
Haggerston,E05009375,4.100690057274538,3.072065844292546,"(0, 0, 0)","(0, 0, 1, 12)",1.0286242129819922
Hammersmith Broadway,E05013741,5.1243623645184115,1.5811388300841898,"(0, 1, 0)","(0, 0, 0, 12)",3.5432235344342216
South Croydon,E05011484,6.629761918562093,4.444798826976322,"(1, 1, 0)","(0, 0, 0, 12)",2.1849630915857716
Greenford Broadway,E05013523,4.729603648659788,2.0615528128088303,"(0, 1, 0)","(0, 0, 0, 12)",2.668050835850958
Green Street West,E05013914,6.500800396840086,2.6369675458423414,"(1, 0, 0)","(0, 0, 0, 12)",3.8638328509977447
Gascoigne,E05014061,3.177961375027943,1.6864704343544112,"(0, 0, 0)","(1, 1, 0, 12)",1.491490940673532
Garden Suburb,E05013641,11.058274308373173,2.7823226707994246,"(0, 0, 0)","(1, 1, 0, 12)",8.275951637573748
Southall Green,E05013538,31.24634802387707,3.2500712784025354,"(0, 0, 0)","(0, 0, 1, 12)",27.996276745474532
Furzedown,E05014013,10.940953206866716,3.0725022039837544,"(0, 0, 1)","(0, 0, 0, 12)",7.868451002882962
Southall West,E05013539,3.632047727662559,0.8180587121418468,"(1, 0, 0)","(0, 0, 0, 12)",2.813989015520712
Fulwell & Hampton Hill,E05013776,5.413020508594748,0.5405143347840867,"(1, 0, 0)","(0, 0, 0, 12)",4.872506173810661
Fullwell,E05011243,4.050129703109903,2.868786006521635,"(1, 1, 1)","(0, 0, 0, 12)",1.181343696588268
Southall Broadway,E05013537,9.078737063509589,0.8114781155558933,"(0, 1, 0)","(1, 0, 0, 12)",8.267258947953696
Southbury,E05013691,3.6140214436808624,2.6945597571829634,"(0, 1, 1)","(1, 0, 1, 12)",0.9194616864978991
Southfield,E05013540,3.3659380360126043,1.3144400957114573,"(0, 0, 1)","(0, 1, 1, 12)",2.051497940301147
Fulham Reach,E05013738,4.50574192345595,1.5229803002302238,"(0, 0, 1)","(1, 0, 1, 12)",2.9827616232257266
Frognal,E05013657,13.475421454759129,1.4790483358766133,"(0, 0, 0)","(0, 0, 1, 12)",11.996373118882516
Southfields,E05014021,5.470806555001846,1.3507138107254955,"(1, 0, 0)","(0, 0, 0, 12)",4.12009274427635
Friern Barnet,E05013640,6.87458883091535,2.3243661631663968,"(1, 0, 0)","(0, 0, 1, 12)",4.550222667748953
Woolwich Dockyard,E05014094,5.117588968692506,0.3423895705019718,"(0, 0, 1)","(0, 0, 1, 12)",4.7751993981905345
Fortune Green,E05013656,8.029145146625206,3.1964170893207076,"(1, 1, 1)","(1, 0, 0, 12)",4.832728057304498
Fulham Town,E05013739,2.9908331292131503,2.121320278091956,"(0, 1, 1)","(0, 0, 0, 12)",0.8695128511211943
Gipsy Hill,E05014103,5.630520809557205,1.1617405526472586,"(1, 0, 0)","(0, 0, 1, 12)",4.468780256909946
South Woodford,E05011252,5.810786045189197,2.3452815081435214,"(0, 0, 0)","(0, 0, 1, 12)",3.465504537045675
Golborne,E05009396,6.932331480151404,1.7138967379324,"(0, 0, 0)","(0, 0, 1, 12)",5.218434742219005
South Hampstead,E05013670,6.664839806327663,5.30691614300119,"(1, 1, 1)","(1, 0, 1, 12)",1.3579236633264733
Green Street East,E05013913,8.212606960452291,1.123070179023452,"(1, 0, 0)","(0, 0, 0, 12)",7.089536781428839
Green Lane & St James,E05013934,3.1011423479478437,2.3346906850408273,"(1, 0, 1)","(0, 0, 0, 12)",0.7664516629070164
South Hornchurch,E05013984,2.688554996606338,1.0663644886881358,"(1, 0, 1)","(1, 1, 1, 12)",1.622190507918202
Graveney,E05013815,1.9383969469667657,1.4892949972479383,"(0, 1, 1)","(0, 0, 0, 12)",0.44910194971882733
South Norwood,E05011485,4.3752682276600545,1.8382736045419683,"(0, 1, 1)","(1, 0, 1, 12)",2.536994623118086
Grange Park,E05013681,3.308718335300863,2.324806113360382,"(1, 1, 0)","(1, 1, 0, 12)",0.9839122219404808
Gospel Oak,E05013658,9.27457479756625,4.683773515796945,"(0, 0, 0)","(0, 0, 1, 12)",4.590801281769306
South Richmond,E05013786,9.590008613521855,2.5901405887432354,"(1, 1, 1)","(1, 0, 1, 12)",6.999868024778619
Goresbrook,E05014062,3.3478095856196206,0.3215423100324388,"(1, 0, 0)","(0, 0, 0, 12)",3.026267275587182
South Ruislip,E05013579,5.531891115446126,3.1863019620606927,"(0, 1, 0)","(1, 0, 0, 12)",2.3455891533854336
Gooshays,E05013971,7.219957591201285,1.3500279166324234,"(1, 0, 0)","(0, 0, 0, 12)",5.869929674568862
Goose Green,E05011103,2.0055471959353257,0.6228317217457149,"(1, 0, 1)","(0, 1, 1, 12)",1.3827154741896108
South Tottenham,E05013599,6.936121251367162,1.742626102839414,"(1, 1, 0)","(0, 0, 0, 12)",5.193495148527748
Goodmayes,E05011244,5.824359603163707,1.5410842929249273,"(0, 0, 0)","(0, 1, 1, 12)",4.283275310238779
South Twickenham,E05013787,2.2789812698126326,2.0299451809449742,"(0, 0, 0)","(1, 1, 0, 12)",0.24903608886765838
Golders Green,E05013642,3.119812171219649,1.298959846617244,"(1, 1, 1)","(1, 0, 1, 12)",1.820852324602405
Hanger Hill,E05013524,8.707276135076361,0.7556754251454298,"(1, 1, 1)","(1, 1, 0, 12)",7.951600709930931
Hanwell Broadway,E05013525,4.093499945235327,2.171370599091998,"(1, 0, 0)","(1, 1, 0, 12)",1.922129346143329
Seven Sisters,E05013598,1.7335285005229375,0.9820461735016552,"(1, 1, 1)","(1, 0, 0, 12)",0.7514823270212823
Hanworth Park,E05013615,1.522067656489449,0.749316094432116,"(0, 1, 0)","(1, 0, 0, 12)",0.7727515620573331
Regent's Park,E05013668,2.5795116063316774,0.9492007183063428,"(1, 0, 0)","(0, 0, 1, 12)",1.6303108880253347
Hillingdon East,E05013571,2.0647862932285035,1.5765215389678506,"(0, 0, 1)","(0, 1, 1, 12)",0.48826475426065286
Highgate,E05013661,4.425995988986903,2.5362469644144343,"(0, 1, 0)","(1, 1, 0, 12)",1.889749024572469
Regent's Park,E05013805,3.9831595878176427,2.5321756898323167,"(1, 0, 1)","(0, 0, 0, 12)",1.450983897985326
Highgate,E05013592,47.146649414271536,2.292528066618713,"(1, 0, 0)","(0, 0, 0, 12)",44.85412134765282
Ridgeway,E05013690,4.553022967947491,1.8699098245499437,"(0, 1, 0)","(1, 0, 0, 12)",2.6831131433975477
Highfield,E05013683,6.593353722488048,1.6623525652527533,"(0, 0, 0)","(1, 1, 1, 12)",4.931001157235294
Hillingdon West,E05013572,2.7261166609798697,1.4622855104997536,"(0, 1, 1)","(0, 0, 0, 12)",1.263831150480116
Highbury,E05013704,7.885083234109187,2.422659468165845,"(0, 1, 1)","(0, 0, 1, 12)",5.462423765943342
Higham Hill,E05013892,2.6778278683832464,1.38868951745376,"(1, 1, 1)","(0, 0, 1, 12)",1.2891383509294865
Rotherhithe,E05011112,4.3665891548467215,4.259670900164787,"(0, 0, 1)","(1, 1, 1, 12)",0.1069182546819345
High Street,E05013891,10.877487338938222,1.2277208262222579,"(1, 0, 1)","(0, 1, 0, 12)",9.649766512715964
High Barnet,E05013644,3.4668551627683413,2.3796052177402567,"(0, 1, 1)","(0, 0, 0, 12)",1.0872499450280846
Roundwood,E05013509,5.787661586937701,1.5506016209854423,"(1, 0, 0)","(0, 0, 1, 12)",4.237059965952259
Heston West,E05013619,2.5438616376576904,1.8755019223382037,"(1, 1, 0)","(1, 1, 1, 12)",0.6683597153194867
Woolwich Arsenal,E05014092,16.46134926429562,2.9047591765049794,"(0, 0, 0)","(0, 0, 1, 12)",13.55659008779064
Roehampton,E05014017,2.8279094550318216,2.103954419652634,"(0, 0, 0)","(1, 1, 0, 12)",0.7239550353791877
Redcliffe,E05009402,4.603674695605737,2.215992757711057,"(0, 0, 1)","(0, 0, 1, 12)",2.3876819378946803
Hillrise,E05013705,7.269214248764298,3.9370039370059056,"(0, 1, 0)","(0, 0, 0, 12)",3.3322103117583923
Hillside,E05013816,2.9930965519765693,0.8944474533424553,"(1, 0, 1)","(0, 0, 0, 12)",2.098649098634114
Queens Park,E05013507,6.169132035335816,1.1213534176251085,"(0, 0, 1)","(0, 0, 1, 12)",5.047778617710708
Hounslow Central,E05013620,2.9270226638444954,1.590513845843915,"(1, 0, 0)","(0, 0, 0, 12)",1.3365088180005804
Hornsey,E05013593,3.01981729074579,0.5686818368277443,"(1, 0, 0)","(1, 0, 1, 12)",2.4511354539180457
Wood Street,E05013903,2.3172165826531748,0.8731177615369765,"(1, 1, 1)","(0, 0, 0, 12)",1.4440988211161983
Queensbury,E05013508,4.7433613446340805,1.5013190536022147,"(1, 1, 0)","(0, 0, 0, 12)",3.242042291031866
Hook & Chessington North,E05013935,4.206199495317959,1.7512661228129454,"(0, 0, 1)","(1, 1, 1, 12)",2.4549333725050135
Rainham & Wennington,E05013979,4.525310502009684,1.8671761942854959,"(1, 0, 0)","(0, 0, 0, 12)",2.658134307724188
Homerton,E05009376,2.7245361591964703,1.9454697083046162,"(1, 1, 1)","(0, 1, 1, 12)",0.7790664508918541
Holloway,E05013706,5.3291996669868,2.2895498584898157,"(0, 1, 0)","(0, 0, 1, 12)",3.0396498084969843
Ravensbury,E05013822,5.03306109507886,2.739680195706033,"(0, 1, 0)","(1, 0, 1, 12)",2.2933808993728273
Holland,E05009397,3.274392600193586,1.7463003444377863,"(0, 1, 1)","(1, 0, 0, 12)",1.5280922557557999
Holborn & Covent Garden,E05013662,24.558339392699967,6.683646617044345,"(1, 0, 1)","(0, 0, 0, 12)",17.87469277565562
Ravenscourt,E05013746,1.9909625200433445,0.8253886972728148,"(0, 0, 0)","(1, 0, 0, 12)",1.1655738227705297
Hoe Street,E05013893,3.911452812557708,2.5519992013464194,"(0, 1, 0)","(1, 0, 0, 12)",1.3594536112112885
Rayners Lane,E05013557,2.557987092016765,0.4661773746420628,"(0, 1, 1)","(0, 0, 1, 12)",2.0918097173747023
Hither Green,E05013724,1.821460795473181,1.3228756555322954,"(0, 1, 0)","(0, 0, 0, 12)",0.4985851399408856
Raynes Park,E05013823,4.161321328872695,2.311581780671277,"(0, 1, 1)","(0, 0, 1, 12)",1.8497395482014185
Roxbourne,E05013558,4.665154422695105,4.123849649511539,"(1, 1, 0)","(1, 0, 1, 12)",0.5413047731835663
Fortis Green,E05013589,1.9412188975265623,0.6584891188949274,"(1, 1, 1)","(0, 1, 0, 12)",1.282729778631635
Heston East,E05013618,2.0570585457901407,1.7092546099024726,"(1, 1, 0)","(0, 0, 0, 12)",0.3478039358876681
Roxeth,E05013559,6.061663964422988,2.594348723911131,"(0, 0, 0)","(1, 1, 1, 12)",3.467315240511857
Hatch End,E05013549,3.7790141891268743,2.2684473533826175,"(0, 1, 1)","(1, 0, 1, 12)",1.5105668357442568
Haselbury,E05013682,4.038063046127388,1.2891913762089708,"(1, 1, 1)","(0, 0, 1, 12)",2.7488716699184175
Sanderstead,E05011478,2.8490328204470434,1.5,"(0, 1, 0)","(0, 0, 0, 12)",1.3490328204470434
Harrow on the Hill,E05013547,19.120655092245517,1.3637601527277936,"(1, 0, 0)","(1, 0, 0, 12)",17.756894939517725
Sands End,E05013747,4.601431947426189,1.0585495973306136,"(1, 0, 0)","(0, 0, 0, 12)",3.5428823500955753
Harrow Weald,E05013548,2.642201053618965,0.9250654274174269,"(0, 0, 1)","(1, 1, 0, 12)",1.717135626201538
Harrow Road,E05013795,8.840118707079757,1.5,"(0, 0, 0)","(0, 1, 0, 12)",7.340118707079757
Rye Lane,E05011113,5.491559700984479,1.3173720790559265,"(1, 0, 0)","(0, 1, 1, 12)",4.174187621928553
Selhurst,E05011479,7.397090326412155,1.172595341059711,"(0, 0, 0)","(0, 0, 1, 12)",6.224494985352443
Selsdon & Addington Village,E05011480,2.3124831860926465,1.2869357313488539,"(0, 0, 1)","(0, 0, 1, 12)",1.0255474547437926
Harold Wood,E05013973,3.7811886815688736,1.0954839542551582,"(1, 1, 0)","(1, 0, 1, 12)",2.6857047273137153
Harlesden & Kensal Green,E05013501,7.177411685837684,2.6590149879610268,"(1, 0, 0)","(0, 0, 0, 12)",4.518396697876657
Selsdon Vale & Forestdale,E05011481,2.481706456053497,0.8986755320578638,"(0, 0, 1)","(1, 0, 1, 12)",1.5830309239956333
Harefield Village,E05013568,478.1620179245546,0.5800033555330376,"(1, 0, 1)","(0, 1, 0, 12)",477.58201456902157
Hanworth Village,E05013616,3.749408877988426,2.9625752618348375,"(1, 0, 0)","(0, 0, 0, 12)",0.7868336161535883
Seven Kings,E05011251,2.4491732940918043,1.8027756377319946,"(0, 0, 0)","(0, 1, 0, 12)",0.6463976563598097
Harringay,E05013590,4.81094225658546,1.1141019090880107,"(1, 0, 0)","(0, 0, 0, 12)",3.6968403474974494
Hatch Lane & Highams Park North,E05013890,4.623854780074836,2.7040388102478086,"(0, 1, 1)","(1, 0, 0, 12)",1.9198159698270278
Havering-atte-Bower,E05013974,2.5229515046940376,1.0212025692149103,"(1, 0, 0)","(0, 1, 1, 12)",1.5017489354791274
Rushey Green,E05013730,5.564456840544574,3.308340944704035,"(0, 0, 1)","(1, 0, 1, 12)",2.2561158958405394
Herne Hill & Loughborough Junction,E05014104,7.601014899910026,3.030687809912912,"(0, 0, 1)","(1, 1, 0, 12)",4.570327089997114
Royal Albert,E05013922,7.92211883415587,2.3389682121358097,"(1, 1, 1)","(0, 0, 0, 12)",5.58315062202006
Hermitage & Gardens,E05013591,17.179193798253703,1.1638256492528443,"(0, 1, 1)","(0, 0, 1, 12)",16.01536814900086
Hendon,E05013643,5.182386596896047,4.261459389517377,"(0, 1, 1)","(1, 0, 1, 12)",0.9209272073786705
Royal Hospital,E05009403,6.100216591164769,2.002913087420876,"(0, 0, 1)","(0, 0, 1, 12)",4.097303503743893
Heaton,E05013975,3.3579894098162395,1.056157586123275,"(0, 1, 0)","(0, 0, 1, 12)",2.3018318236929645
Heathrow Villages,E05013570,7.667851461031939,2.814771146693155,"(0, 0, 1)","(1, 1, 1, 12)",4.853080314338784
Royal Victoria,E05013923,4.313128316854589,1.7695879965436505,"(0, 0, 1)","(0, 0, 1, 12)",2.543540320310938
Heathfield,E05013781,3.499053846899111,3.030913680471126,"(0, 1, 0)","(1, 0, 0, 12)",0.4681401664279847
Ruislip,E05013577,2.133425754111088,2.133425754111088,"(1, 1, 1)","(1, 1, 1, 12)",0.0
Heath,E05014063,2.450125437479995,1.6994035519402086,"(0, 1, 1)","(0, 0, 0, 12)",0.7507218855397861
Headstone,E05013550,2.302977889068745,2.053031099227339,"(1, 1, 1)","(0, 1, 0, 12)",0.24994678984140606
Ruislip Manor,E05013578,1.751886004758067,1.3519218555556745,"(0, 0, 1)","(0, 1, 1, 12)",0.39996414920239265
Hayes Town,E05013569,10.009154414121534,2.584965989117096,"(0, 1, 1)","(1, 0, 0, 12)",7.424188425004438
Hayes & Coney Hall,E05013998,5.175765228172782,2.5495097567963922,"(0, 0, 0)","(0, 1, 0, 12)",2.62625547137639
Rush Green & Crowlands,E05013980,20.827783469960814,2.8407354434707033,"(0, 0, 1)","(0, 0, 0, 12)",17.98704802649011
Haverstock,E05013660,3.8739701285982275,2.316957791570942,"(1, 1, 0)","(1, 1, 1, 12)",1.5570123370272855
Heston Central,E05013617,4.716620838437564,1.8907568442697764,"(1, 1, 1)","(0, 1, 0, 12)",2.825863994167787
Barnehurst,E05011217,5.227719285766742,1.664801594556289,"(0, 0, 1)","(0, 0, 1, 12)",3.562917691210453
North Acton,E05013527,2.9272564242420027,2.2354813887131346,"(0, 0, 1)","(1, 0, 0, 12)",0.6917750355288681
Abingdon,E05009388,11.604469369114742,1.6515035674517666,"(0, 0, 1)","(1, 0, 0, 12)",9.952965801662975
West Thornton,E05011488,8.619842494241466,3.6123923172357997,"(1, 0, 0)","(1, 0, 0, 12)",5.007450177005666
Alexandra Park,E05013585,2.7592583499500045,1.6030434603736667,"(1, 0, 1)","(1, 1, 0, 12)",1.1562148895763378
Abbey,E05014053,17.723612153211615,0.31589572757655987,"(0, 1, 1)","(1, 0, 0, 12)",17.407716425635055
Avonmore,E05013734,4.409544913883762,0.9433269558420879,"(1, 1, 1)","(0, 0, 1, 12)",3.466217958041674
Arnos Grove,E05013672,5.165995405337518,1.596311535936133,"(0, 1, 1)","(0, 0, 0, 12)",3.569683869401385
Alperton,E05013496,7.428805279887243,4.101541154743173,"(0, 1, 0)","(0, 0, 1, 12)",3.3272641251440698
White City,E05013752,1.664677687171536,0.9597423083435328,"(1, 1, 0)","(1, 0, 1, 12)",0.7049353788280033
Aldborough,E05011234,5.5880598706566404,2.5783446772754273,"(0, 0, 1)","(1, 1, 0, 12)",3.009715193381213
Alexandra,E05013928,1.117318943515223,1.0784782881656343,"(1, 1, 1)","(1, 1, 0, 12)",0.038840655349588804
Addison,E05013733,8.1118175583958,4.332381124297983,"(1, 0, 0)","(0, 0, 0, 12)",3.779436434097816
Barkingside,E05011235,8.943344679829586,1.9843148409809435,"(0, 0, 0)","(0, 0, 1, 12)",6.959029838848643
White Hart Lane,E05013604,2.4202035923738476,1.374067900061013,"(0, 0, 1)","(1, 1, 1, 12)",1.0461356923128347
Abbey Road,E05013792,4.481216765580175,2.218230712065286,"(1, 1, 1)","(1, 0, 0, 12)",2.262986053514889
Whitewebbs,E05013695,6.281469463428114,1.2491708044731762,"(1, 0, 0)","(0, 0, 1, 12)",5.032298658954938
Arsenal,E05013697,7.342688255562783,1.8796994245372487,"(1, 0, 1)","(1, 0, 0, 12)",5.462988831025535
Barking Riverside,E05014055,2.1968484932436354,1.9878723393076423,"(1, 0, 1)","(1, 1, 1, 12)",0.20897615393599311
Whalebone,E05014071,3.1542939969804875,1.5031273278907606,"(1, 0, 0)","(0, 0, 0, 12)",1.6511666690897269
Whetstone,E05013650,3.467573830432487,1.360867999706731,"(1, 0, 0)","(1, 0, 0, 12)",2.106705830725756
Willesden Green,E05013517,2.328886269820373,1.1773361352961005,"(0, 0, 1)","(1, 0, 0, 12)",1.1515501345242725
Whitton,E05013791,1.3761174492621313,0.35526819841051066,"(0, 0, 1)","(0, 0, 1, 12)",1.0208492508516207
Balham,E05014009,11.484938792933182,2.0497675766550985,"(0, 0, 1)","(1, 0, 0, 12)",9.435171216278084
Westbourne,E05013809,16.631685433518133,1.617022267768543,"(0, 1, 0)","(1, 0, 0, 12)",15.014663165749589
Abbey Wood,E05014072,3.918573800695537,1.8272086855077714,"(1, 0, 1)","(0, 0, 0, 12)",2.0913651151877657
West Twickenham,E05013790,2.0434616195046744,1.211680959771856,"(0, 0, 1)","(1, 1, 1, 12)",0.8317806597328183
Alibon,E05014054,3.350458222513913,2.142269130930955,"(1, 1, 0)","(0, 1, 0, 12)",1.2081890915829576
Whitechapel,E05009336,15.814394639426734,9.797694019770022,"(0, 1, 0)","(1, 0, 0, 12)",6.016700619656712
West Wickham,E05014008,5.155000974991925,1.9078914899622343,"(1, 0, 0)","(0, 0, 0, 12)",3.24710948502969
Addiscombe West,E05011463,3.7605314144266644,3.7521914606166322,"(0, 1, 1)","(1, 1, 0, 12)",0.008339953810032164
Addiscombe East,E05011462,16.86264778739973,2.1766596477681626,"(0, 0, 0)","(1, 1, 0, 12)",14.685988139631569
