Ward code,Ward name,Predicted_Crime_Count,Alpha (Coverage Factor),Allocated_Officers_Continuous,Allocated_Officers_Rounded
E05013810,Abbey,1.5252808988764048,5.143249626333184,200.0,200
E05013808,West End,38.88592126192162,5.143249626333184,200.0,200
E05013806,St James's,33.49121944965761,5.143249626333184,172.2537019198942,172
E09000001,City of London,28.007984184674275,5.143249626333184,144.0520541921717,144
E05013662,Holborn & Covent Garden,26.249545052772007,5.143249626333184,135.00796278408572,135
E05013801,Marylebone,25.92294971301748,5.143249626333184,133.32820142493108,133
E05013793,Bayswater,24.99999999999573,5.143249626333184,128.58124065830765,129
E05009377,Hoxton East & Shoreditch,24.49373881932021,5.143249626333184,125.9774130299713,126
E05009333,Spitalfields & Banglatown,21.00358422939068,5.143249626333184,108.02667673947117,108
E05011095,Borough & Bankside,20.55030330094984,5.143249626333184,105.69533977364387,106
E05011468,Fairfield,19.36776951951988,5.143249626333184,99.61327334417787,100
E05011115,St Giles,18.92613636362175,5.143249626333184,97.34184378012847,97
E05011107,North Walworth,18.499396250145107,5.143249626333184,95.14701285094834,95
E05014118,Waterloo & South Bank,17.806218905006673,5.143249626333184,91.58182872958245,92
E05013588,Crouch End,17.673784633557847,5.143249626333184,90.90068621243958,91
E05011102,Faraday,17.118831855119247,5.143249626333184,88.0464255421027,88
E05013653,Bloomsbury,16.68857160899094,5.143249626333184,85.83348969197725,86
E05011116,South Bermondsey,16.267167892081343,5.143249626333184,83.66610518244654,84
E05013707,Junction,16.03122137494818,5.143249626333184,82.45257334636679,82
E05011104,London Bridge & West Bermondsey,15.899510878907725,5.143249626333184,81.77515338682257,82
E05014082,Greenwich Peninsula,16.03316853997376,5.143249626333184,82.46258810215701,82
E05013633,Colindale South,15.440111058093365,5.143249626333184,79.41234543008157,79
E05013637,Edgware,15.052083333333332,5.143249626333184,77.41662197970261,77
E05011239,Clayhall,14.724238775185142,5.143249626333184,75.73043557851157,76
E05013582,Wood End,14.598743104946708,5.143249626333184,75.08498001945131,75
E05013569,Hayes Town,14.303811601485064,5.143249626333184,73.56807367447833,74
E05013592,Highgate,14.125544166056672,5.143249626333184,72.65119975382387,73
E05013496,Alperton,13.794250004125477,5.143249626333184,70.94727117926489,71
E05009323,Canary Wharf,13.420178146684998,5.143249626333184,69.0233262382624,69
E05013748,Shepherd's Bush Green,13.273151793701285,5.143249626333184,68.26713300321778,68
E05013991,Bromley Town,13.18885838887062,5.143249626333184,67.83359098032011,68
E05013730,Rushey Green,13.128660870185584,5.143249626333184,67.52398011483712,68
E05013579,South Ruislip,13.23943661971831,5.143249626333184,68.09372744722808,68
E05013639,Finchley Church End,13.104042885908289,5.143249626333184,67.39736367640184,67
E05013643,Hendon,12.967352941876412,5.143249626333184,66.69433317283637,67
E05013684,Jubilee,13.000000000003578,5.143249626333184,66.8622451423498,67
E05013576,Pinkwell,13.074742659560483,5.143249626333184,67.246665298187,67
E05013628,Barnet Vale,12.812716735158912,5.143249626333184,65.89900056041901,66
E05013510,Stonebridge,12.790772502813384,5.143249626333184,65.78613589560771,66
E05013498,Brondesbury Park,12.408364074858367,5.143249626333184,63.819313891421416,64
E05009317,Bethnal Green East,12.358626029583991,5.143249626333184,63.56349870864943,64
E05013798,Lancaster Gate,12.20591141615537,5.143249626333184,62.778049330197064,63
E05013580,Uxbridge,11.991012968528144,5.143249626333184,61.67277296973875,62
E05013679,Edmonton Green,12.0,5.143249626333184,61.71899551599822,62
E05009381,London Fields,11.569375607699556,5.143249626333184,59.504186771209,60
E05013668,Regent's Park,11.415062898337244,5.143249626333184,58.71051798644283,59
E05013661,Highgate,11.32575757573225,5.143249626333184,58.251198419325135,58
E05013925,Stratford Olympic Park,11.184236688333833,5.143249626333184,57.52332116809489,58
E05013560,Stanmore,11.335947828218345,5.143249626333184,58.30360943161648,58
E05013528,North Greenford,11.32115819982134,5.143249626333184,58.227542680889975,58
E05014009,Balham,11.24851931917001,5.143249626333184,57.85394278512276,58
E05009370,Dalston,11.00880255713725,5.143249626333184,56.62101963837197,57
E05011479,Selhurst,11.000050247084593,5.143249626333184,56.57600432296409,57
E05014006,St Mary Cray,11.120933315199844,5.143249626333184,57.19773611787786,57
E05011463,Addiscombe West,10.981827710322,5.143249626333184,56.482281267569036,56
E05013665,Kilburn,10.925913097789053,5.143249626333184,56.19469845755239,56
E05014104,Herne Hill & Loughborough Junction,10.622770447147063,5.143249626333184,54.63556013291233,55
E05009389,Brompton & Hans Town,10.621393153288956,5.143249626333184,54.62847636679127,55
E05013893,Hoe Street,10.531250000000282,5.143249626333184,54.16484762732281,54
E05013891,High Street,10.552850873200937,5.143249626333184,54.27594631034054,54
E05013503,Kilburn,10.499898064148208,5.143249626333184,54.0035967949668,54
E05013666,King's Cross,10.572499321416188,5.143249626333184,54.377003184281655,54
E05009331,Bethnal Green West,10.552214969123709,5.143249626333184,54.27267569693295,54
E05013670,South Hampstead,10.388112042709462,5.143249626333184,53.4286533819727,53
E05013786,South Richmond,10.273195037679226,5.143249626333184,52.837606538791604,53
E05013993,Chislehurst,10.087719129629129,5.143249626333184,51.88365764401913,52
E05009332,Shadwell,10.082592341451267,5.143249626333184,51.85728929263907,52
E05013631,Childs Hill,10.110360841209058,5.143249626333184,52.000109618642156,52
E05013794,Church Street,10.091059296511917,5.143249626333184,51.90083695609092,52
E05014019,Shaftesbury & Queenstown,9.92788411550457,5.143249626333184,51.061586267348034,51
E05013694,Upper Edmonton,9.900365732387048,5.143249626333184,50.920052353661546,51
E05013724,Hither Green,10.0,5.143249626333184,51.43249626333185,51
E05013636,East Finchley,10.0,5.143249626333184,51.43249626333185,51
E05013689,Ponders End,10.009663758980928,5.143249626333184,51.48219938809948,51
E05013630,Burnt Oak,9.999868967617807,5.143249626333184,51.4318223310811,51
E05009336,Whitechapel,10.009510869572852,5.143249626333184,51.48141303970852,51
E05009319,Bow East,9.99980156736438,5.143249626333184,51.43147567475283,51
E05013648,West Finchley,9.763231197771589,5.143249626333184,50.21473520974321,50
E05009395,Earl's Court,9.657142636218488,5.143249626333184,49.669095255177005,50
E05013527,North Acton,9.676431061727918,5.143249626333184,49.76830044247094,50
E05013805,Regent's Park,9.80973078869332,5.143249626333184,50.45389421337606,50
E05013671,West Hampstead,9.67038194708731,5.143249626333184,49.73718833585599,50
E05013715,Blackheath,9.558199860761814,5.143249626333184,49.1602078622811,49
E05013887,Forest,9.521118549353252,5.143249626333184,48.96948942123507,49
E05013652,Belsize,9.619547078099862,5.143249626333184,49.47573191493159,49
E05013907,Canning Town South,9.471497337847769,5.143249626333184,48.71427514370129,49
E05014076,East Greenwich,9.525876460767948,5.143249626333184,48.99396054734083,49
E05013896,Leyton,9.278514641205357,5.143249626333184,47.721716961306434,48
E05013792,Abbey Road,9.378183564470866,5.143249626333184,48.2343391136488,48
E05013995,Crystal Palace & Anerley,9.371222364090514,5.143249626333184,48.198535922393724,48
E05013797,Knightsbridge & Belgravia,9.08396061221278,5.143249626333184,46.72107702438875,47
E05014022,Thamesfield,9.076739155402896,5.143249626333184,46.68393526934973,47
E05013595,Noel Park,9.228570078030923,5.143249626333184,47.464839605422156,47
E05013656,Fortune Green,9.227893065302991,5.143249626333184,47.461357559962195,47
E05009335,Weavers,9.188940956707478,5.143249626333184,47.26101714198344,47
E05013711,St Peter's & Canalside,8.903061224489797,5.143249626333184,45.790666316078614,46
E05009386,Victoria,8.896231985061185,5.143249626333184,45.755541832939265,46
E05013699,Bunhill,9.007100689211097,5.143249626333184,46.32576725413035,46
E05013504,Kingsbury,9.0,5.143249626333184,46.28924663699866,46
E05013545,Edgware,9.0,5.143249626333184,46.28924663699866,46
E05013905,Boleyn,9.0,5.143249626333184,46.28924663699866,46
E05013500,Dollis Hill,8.86877773087763,5.143249626333184,45.61433775036844,46
E05013895,Lea Bridge,9.03439717568508,5.143249626333184,46.466159897987865,46
E05013531,Northolt Mandeville,8.991667417357341,5.143249626333184,46.24639008443542,46
E05011106,North Bermondsey,8.825994656937986,5.143249626333184,45.39429372131498,45
E05014111,Stockwell West & Larkhall,8.72719542713339,5.143249626333184,44.88614461954049,45
E05013796,Hyde Park,8.832391761361393,5.143249626333184,45.42719562625028,45
E05009400,Pembridge,8.745054945054946,5.143249626333184,44.978000578417024,45
E05013702,Clerkenwell,8.59222137257223,5.143249626333184,44.19193936385412,44
E05011110,Peckham,8.624029557208333,5.143249626333184,44.3555367975981,44
E05013924,Stratford,8.50018434923216,5.143249626333184,43.718569977951496,44
E05011484,South Croydon,8.6217277486911,5.143249626333184,44.343698021801956,44
E05011244,Goodmayes,8.510854352557086,5.143249626333184,43.77344846856539,44
E05013587,Bruce Castle,8.46377351778746,5.143249626333184,43.53129998272906,44
E05013655,Camden Town,8.635078507645355,5.143249626333184,44.41236430780469,44
E05009322,Bromley South,8.318185522381194,5.143249626333184,42.78250457975719,43
E05009402,Redcliffe,8.390154144974346,5.143249626333184,43.152657171017125,43
E05013558,Roxbourne,8.393144441586522,5.143249626333184,43.16803701295032,43
E05013599,South Tottenham,8.359867330016584,5.143249626333184,42.996884521302796,43
E05009372,Hackney Central,8.303907226137419,5.143249626333184,42.709067737936714,43
E05009321,Bromley North,8.311793802063683,5.143249626333184,42.74963036662251,43
E05013716,Brockley,8.30345773455275,5.143249626333184,42.70675589051182,43
E05014109,St Martin's,8.405203383173177,5.143249626333184,43.23005915975987,43
E05013564,Belmore,8.367601246105918,5.143249626333184,43.03666198233936,43
E05013703,Finsbury Park,8.122754491017963,5.143249626333184,41.77735400072434,42
E05014095,Brixton Acre Lane,8.19088414318932,5.143249626333184,42.12776180879688,42
E05013638,Edgwarebury,7.944513404907516,5.143249626333184,40.86061560118956,41
E05014014,Lavender,8.000017095569635,5.143249626333184,41.14608493744762,41
E05013712,Tollington,7.880916690461801,5.143249626333184,40.53352182338061,41
E05013634,Cricklewood,8.0,5.143249626333184,41.14599701066548,41
E05011251,Seven Kings,8.0,5.143249626333184,41.14599701066548,41
E05013535,Pitshanger,8.016065779295664,5.143249626333184,41.22862732402465,41
E05013802,Pimlico North,7.999999999999999,5.143249626333184,41.145997010665475,41
E05009378,Hoxton West,7.989404790644186,5.143249626333184,41.091503204105265,41
E05013705,Hillrise,8.0,5.143249626333184,41.14599701066548,41
E05013614,Feltham West,7.94350282485676,5.143249626333184,40.85541793572113,41
E05013706,Holloway,7.8971720139069825,5.143249626333184,40.61712700961597,41
E05013523,Greenford Broadway,8.0,5.143249626333184,41.14599701066548,41
E05013690,Ridgeway,7.890526315789463,5.143249626333184,40.58294652525632,41
E05013710,St Mary's & St James',8.0,5.143249626333184,41.14599701066548,41
E05013902,William Morris,8.0,5.143249626333184,41.14599701066548,41
E05013719,Deptford,7.693238218775997,5.143249626333184,39.56824459401182,40
E05009327,Mile End,7.765968252185917,5.143249626333184,39.942313311170594,40
E05013591,Hermitage & Gardens,7.716954276332586,5.143249626333184,39.69022219817784,40
E05013632,Colindale North,7.830616053247159,5.143249626333184,40.27481308982209,40
E05011487,Waddon,7.820972644376895,5.143249626333184,40.22521463075353,40
E05011108,Nunhead & Queen's Road,7.716721113606455,5.143249626333184,39.689022984073794,40
E05013781,Heathfield,7.689655172413799,5.143249626333184,39.54981609214832,40
E05013678,Cockfosters,7.754197254065145,5.143249626333184,39.88177212948437,40
E05013604,White Hart Lane,7.758567124869013,5.143249626333184,39.904247465863484,40
E05013534,Perivale,7.72928875780355,5.143249626333184,39.7536615153944,40
E05009387,Woodberry Down,7.59577894998837,5.143249626333184,39.066987246237154,39
E05013521,Ealing Common,7.586267934130757,5.143249626333184,39.01806971748144,39
E05013696,Winchmore Hill,7.597583151097175,5.143249626333184,39.076266702915845,39
E05011234,Aldborough,7.581202735521064,5.143249626333184,38.99201813662483,39
E05013729,Perry Vale,7.496211276518429,5.143249626333184,38.55488584686802,39
E05014002,Penge & Cator,7.66027539183989,5.143249626333184,39.398708546689804,39
E05009392,Colville,7.360496304071631,5.143249626333184,37.85686986554321,38
E05013520,Ealing Broadway,7.412104061279908,5.143249626333184,38.12230144352057,38
E05014115,Streatham St Leonard's,7.3434820329032835,5.143249626333184,37.76936122171427,38
E05013731,Sydenham,7.345745498037635,5.143249626333184,37.78100278792074,38
E05014010,Battersea Park,7.474635506196514,5.143249626333184,38.443916274221976,38
E05013918,Plaistow North,7.30889349810468,5.143249626333184,37.59146375303594,38
E05011472,Norbury & Pollards Hill,7.475441850740369,5.143249626333184,38.44806350549585,38
E05013602,Tottenham Hale,7.16113333018861,5.143249626333184,36.83149632461468,37
E05009369,Clissold,7.271196345262831,5.143249626333184,37.39757788576827,37
E05009390,Campden,7.1565476373954855,5.143249626333184,36.807910961869965,37
E05013708,Laycock,7.257143428440015,5.143249626333184,37.325300226570434,37
E05011112,Rotherhithe,7.206260224294059,5.143249626333184,37.06359520586011,37
E05011105,Newington,6.989201956351553,5.143249626333184,35.94721035037229,36
E05013741,Hammersmith Broadway,7.0,5.143249626333184,36.002747384332295,36
E05013704,Highbury,6.9233487852068665,5.143249626333184,35.60851105248952,36
E05011478,Sanderstead,7.0,5.143249626333184,36.002747384332295,36
E05013714,Bellingham,6.954608362395026,5.143249626333184,35.76928686118186,36
E05014070,Village,7.01012719282159,5.143249626333184,36.05483406502774,36
E05013717,Catford South,6.996253613364779,5.143249626333184,35.983478782670595,36
E05013518,Central Greenford,6.903551703150609,5.143249626333184,35.50668971760119,36
E05013691,Southbury,7.001887936784196,5.143249626333184,36.012457514492155,36
E05013680,Enfield Lock,6.796506075142764,5.143249626333184,34.95612733134924,35
E05009374,Hackney Wick,6.821210699120708,5.143249626333184,35.08318937939251,35
E05013672,Arnos Grove,6.737499918408098,5.143249626333184,34.65264393777231,35
E05013589,Fortis Green,6.737977670139267,5.143249626333184,34.655101134185124,35
E05009371,De Beauvoir,6.885715780979723,5.143249626333184,35.414955117560474,35
E05013736,College Park & Old Oak,6.819008636364198,5.143249626333184,35.07186362094292,35
E05011247,Loxford,6.891868255919036,5.143249626333184,35.44659883199312,35
E05013674,Brimsdown,6.551863847434611,5.143249626333184,33.69787128510397,34
E05013923,Royal Victoria,6.584901896966203,5.143249626333184,33.867794221012105,34
E05013999,Kelsey & Eden Park,6.677864664583082,5.143249626333184,34.34592494082052,34
E05013524,Hanger Hill,6.539853023119395,5.143249626333184,33.63609661743278,34
E05013789,Twickenham Riverside,6.619358476991454,5.143249626333184,34.0450130133517,34
E05013502,Kenton,6.5444242708995,5.143249626333184,33.65960768586968,34
E05013698,Barnsbury,6.643009990598232,5.143249626333184,34.16665865187197,34
E05014073,Blackheath Westcombe,6.514284766917995,5.143249626333184,33.50459269327894,34
E05013700,Caledonian,6.614407781588747,5.143249626333184,34.019550351071636,34
E05014069,Valence,6.544855265476486,5.143249626333184,33.661824398566715,34
E05014112,Streatham Common & Vale,6.500016797448793,5.143249626333184,33.431208964637925,33
E05013574,Northwood,6.336106371916614,5.143249626333184,32.58817672976744,33
E05013771,Wallington South,6.410347896381231,5.143249626333184,32.970019422728484,33
E05013804,Queen's Park,6.400001101546254,5.143249626333184,32.91680327405974,33
E05009383,Springfield,6.3737957610789975,5.143249626333184,32.782022666493596,33
E05011476,Purley & Woodcote,6.452010869030152,5.143249626333184,33.18430249123698,33
E05011465,Broad Green,6.402892056622415,5.143249626333184,32.931672177674955,33
E05014056,Beam,6.394160583941606,5.143249626333184,32.886764034072044,33
E05009397,Holland,6.345787662224584,5.143249626333184,32.637970022526325,33
E05014066,Northbury,6.46666676477682,5.143249626333184,33.2596814215596,33
E05013548,Harrow Weald,6.2624796573669474,5.143249626333184,32.20949615767172,32
E05013682,Haselbury,6.181468987398519,5.143249626333184,31.792838059627606,32
E05013508,Queensbury,6.199134199134125,5.143249626333184,31.883694653285854,32
E05014084,Kidbrooke Village & Sutcliffe,6.133302124491791,5.143249626333184,31.545103859980934,32
E05013526,Lady Margaret,6.296958807374433,5.143249626333184,32.38683103306401,32
E05014007,St Paul's Cray,6.302215189909386,5.143249626333184,32.41386592057277,32
E05013910,East Ham South,6.137704859124929,5.143249626333184,31.56774822323766,32
E05013778,Hampton,6.257782725401121,5.143249626333184,32.18533866409358,32
E05013562,Wealdstone South,5.982248289543588,5.143249626333184,30.768196279827393,31
E05013920,Plaistow West & Canning Town East,6.10074062399173,5.143249626333184,31.37763193470115,31
E05011117,Surrey Docks,6.0487893882153605,5.143249626333184,31.110433760706783,31
E05013906,Canning Town North,5.983741019334891,5.143249626333184,30.77587376176873,31
E05013987,Beckenham Town & Copers Cope,6.0,5.143249626333184,30.85949775799911,31
E05013669,St Pancras & Somers Town,5.971353337225149,5.143249626333184,30.712160820386664,31
E05013606,Bedfont,6.018421869250741,5.143249626333184,30.954246030139338,31
E05013642,Golders Green,6.046500390928537,5.143249626333184,31.098660876266653,31
E05014060,Eastbury,6.030888030888031,5.143249626333184,31.018362611322143,31
E05014018,St Mary's,6.0,5.143249626333184,30.85949775799911,31
E05013782,Kew,6.042268914366353,5.143249626333184,31.076897336019364,31
E05013739,Fulham Town,5.942856902386398,5.143249626333184,30.565596542550434,31
E05013555,Pinner,6.074125651984095,5.143249626333184,31.240744489868007,31
E05013611,Chiswick Riverside,5.968659891669969,5.143249626333184,30.698307757541432,31
E05014058,Chadwell Heath,6.0905531256620495,5.143249626333184,31.325235087723748,31
E05013651,Woodhouse,5.999999999999998,5.143249626333184,30.8594977579991,31
E05013756,Carshalton Central,6.063875018288197,5.143249626333184,31.188022921941904,31
E05013713,Tufnell Park,5.977322595705099,5.143249626333184,30.74286220683315,31
E05013725,Ladywell,5.956515706508327,5.143249626333184,30.6358471817467,31
E05013613,Feltham North,6.068246181237604,5.143249626333184,31.210504904148085,31
E05013915,Little Ilford,5.947154471530981,5.143249626333184,30.587700013447446,31
E05013544,Centenary,5.999999050028701,5.143249626333184,30.85949287205958,31
E05013885,Chingford Green,6.102606950889752,5.143249626333184,31.387230919822013,31
E05009330,St Katharine's & Wapping,5.996859579483183,5.143249626333184,30.843345791349456,31
E05014100,Clapham East,5.880387741462843,5.143249626333184,30.24430205397301,30
E05013737,Coningham,5.8129311891415965,5.143249626333184,29.897356166453033,30
E05014089,Shooters Hill,5.859086870318659,5.143249626333184,30.134746356420113,30
E05013667,Primrose Hill,5.8413098236474585,5.143249626333184,30.04331456777115,30
E05013546,Greenhill,5.863806579826782,5.143249626333184,30.15902100058417,30
E05011113,Rye Lane,5.9069667291530585,5.143249626333184,30.381004422479023,30
E05013685,Lower Edmonton,5.782253551626929,5.143249626333184,29.739573418768934,30
E05013681,Grange Park,5.681053256081281,5.143249626333184,29.219075036518973,29
E05013551,Kenton East,5.591836734694,5.143249626333184,28.760212196231087,29
E05013738,Fulham Reach,5.675005026315727,5.143249626333184,29.187967481037308,29
E05013817,Lavender Fields,5.670886075949367,5.143249626333184,29.166782691104643,29
E05013537,Southall Broadway,5.648148148149254,5.143249626333184,29.049835852443117,29
E05013660,Haverstock,5.634564793387184,5.143249626333184,28.979973268138753,29
E05014106,Knight's Hill,5.624145683996262,5.143249626333184,28.926385187657168,29
E05009376,Homerton,5.618925022173975,5.143249626333184,28.899534020690474,29
E05014079,Eltham Town & Avery Hill,5.577639438735977,5.143249626333184,28.68719195910005,29
E05013746,Ravenscourt,5.585237258347979,5.143249626333184,28.726269441980424,29
E05011228,Northumberland Heath,5.70122767102253,5.143249626333184,29.32283708862704,29
E05009401,Queen's Gate,5.664098290113879,5.143249626333184,29.13187141414264,29
E05013728,New Cross Gate,5.592742347325567,5.143249626333184,28.76486998806,29
E05011462,Addiscombe East,5.64591439688716,5.143249626333184,29.038347112099032,29
E05013517,Willesden Green,5.426887455185566,5.143249626333184,27.911836876035412,28
E05013629,Brunswick Park,5.467572148492419,5.143249626333184,28.12108840968336,28
E05013583,Yeading,5.5000056999182165,5.143249626333184,28.287902260934754,28
E05013701,Canonbury,5.522063019625035,5.143249626333184,28.40134856227476,28
E05013675,Bullsmoor,5.482213209783383,5.143249626333184,28.19639104269724,28
E05009391,Chelsea Riverside,5.504121033182328,5.143249626333184,28.30906844720763,28
E05011486,Thornton Heath,5.437676607881066,5.143249626333184,27.967328181604994,28
E05011114,St George's,5.389839012730004,5.143249626333184,27.721287488219616,28
E05013692,Southgate,5.417345976153985,5.143249626333184,27.862762667571566,28
E05013586,Bounds Green,5.46149238565056,5.143249626333184,28.089818671718774,28
E05014098,Brixton Windrush,5.50008260970674,5.143249626333184,28.28829782717584,28
E05014027,Wandsworth Common,5.363336256391024,5.143249626333184,27.584977196582354,28
E05014087,Plumstead & Glyndon,5.453376092981392,5.143249626333184,28.048074552480866,28
E05013742,Lillie,5.361912243045677,5.143249626333184,27.577653140476006,28
E05013581,West Drayton,5.424810723012967,5.143249626333184,27.901155724064697,28
E05013570,Heathrow Villages,5.423519125701313,5.143249626333184,27.894512716674157,28
E05014067,Parsloes,5.525870261023361,5.143249626333184,28.420930155174062,28
E05013566,Colham & Cowley,5.487332339791576,5.143249626333184,28.22272000619902,28
E05013609,Chiswick Gunnersbury,5.439918533604888,5.143249626333184,27.978858965246307,28
E05014003,Petts Wood & Knoll,5.342855325517148,5.143249626333184,27.479638656518336,27
E05011103,Goose Green,5.301492203303557,5.143249626333184,27.26689779364931,27
E05013598,Seven Sisters,5.3402523455172926,5.143249626333184,27.46625088060673,27
E05013697,Arsenal,5.248937743706815,5.143249626333184,26.99659708896623,27
E05011098,Chaucer,5.319946453585164,5.143249626333184,27.361812609514445,27
E05013610,Chiswick Homefields,5.29135126175924,5.143249626333184,27.214740399840835,27
E05009334,Stepney Green,5.330244055244588,5.143249626333184,27.414775745401403,27
E05013975,Heaton,5.230462095469929,5.143249626333184,26.901572218075597,27
E05013973,Harold Wood,5.265278835906033,5.143249626333184,27.08064340531373,27
E05014017,Roehampton,5.267605633802818,5.143249626333184,27.092610707726923,27
E05013765,Sutton Central,5.2370759247593215,5.143249626333184,26.935588793096898,27
E05013997,Farnborough & Crofton,5.284056940939853,5.143249626333184,27.17722388701217,27
E05013916,Manor Park,5.342856151225458,5.143249626333184,27.479642903342295,27
E05013900,Upper Walthamstow,5.2422145328807765,5.143249626333184,26.96201793739744,27
E05013536,South Acton,5.232840321599504,5.143249626333184,26.913804028727874,27
E05011248,Mayfield,4.997109248528459,5.143249626333184,25.701380275240098,26
E05014023,Tooting Bec,5.140510231393246,5.143249626333184,26.438927326775225,26
E05014015,Nine Elms,5.101677666003721,5.143249626333184,26.23920174934599,26
E05013601,Tottenham Central,5.057394159495097,5.143249626333184,26.011440621042787,26
E05009329,St Dunstan's,5.0270200462255605,5.143249626333184,25.855218974319044,26
E05013635,East Barnet,5.146073738581097,5.143249626333184,26.467541833040244,26
E05013990,Bromley Common & Holwood,5.013888888888888,5.143249626333184,25.787682154253883,26
E05014064,Longbridge,4.999995999974971,5.143249626333184,25.716227558538684,26
E05013621,Hounslow East,5.146335988059405,5.143249626333184,26.468890647571552,26
E05014001,Orpington,5.060184935186788,5.143249626333184,26.02579427707626,26
E05013718,Crofton Park,5.116451334664303,5.143249626333184,26.3151864151641,26
E05014072,Abbey Wood,4.975537083238231,5.143249626333184,25.590429244171936,26
E05013585,Alexandra Park,5.0946552966858905,5.143249626333184,26.203083950976087,26
E05014077,Eltham Page,5.099842552834463,5.143249626333184,26.22976330422393,26
E05014030,West Putney,5.0,5.143249626333184,25.716248131665925,26
E05013919,Plaistow South,5.029179627473317,5.143249626333184,25.866326239764604,26
E05013605,Woodside,5.061269530227909,5.143249626333184,26.031372620116226,26
E05013795,Harrow Road,5.0,5.143249626333184,25.716248131665925,26
E05011111,Peckham Rye,5.028545165992854,5.143249626333184,25.86306304599229,26
E05009324,Island Gardens,5.111614094529702,5.143249626333184,26.290307281649326,26
E05011243,Fullwell,4.780071931369764,5.143249626333184,24.58510317486328,25
E05013532,Northolt West End,4.766388883747213,5.143249626333184,24.5147278452915,25
E05014029,West Hill,4.802843372014863,5.143249626333184,24.702222378452255,25
E05013641,Garden Suburb,4.822857142857142,5.143249626333184,24.805158197858326,25
E05014061,Gascoigne,4.8571428571428585,5.143249626333184,24.981498185046906,25
E05011226,Falconwood & Welling,4.906077348065352,5.143249626333184,25.233180487198826,25
E05013507,Queens Park,4.905487369934611,5.143249626333184,25.230146082398345,25
E05013938,Kingston Town,4.907136119001947,5.143249626333184,25.238626010422838,25
E05011223,Crook Log,4.803771168568113,5.143249626333184,24.70699426772807,25
E05014108,Oval,4.769230769234998,5.143249626333184,24.52934437176463,25
E05013722,Forest Hill,4.793620896470738,5.143249626333184,24.65478888455607,25
E05013600,Stroud Green,4.91102852818929,5.143249626333184,25.25864564252117,25
E05013565,Charville,4.921838319674549,5.143249626333184,25.314243098538476,25
E05013977,Marshalls & Rise Park,4.763540997976354,5.143249626333184,24.500080457864687,25
E05013499,Cricklewood & Mapesbury,4.612120370403139,5.143249626333184,23.721286371679614,24
E05013529,North Hanwell,4.614130614428665,5.143249626333184,23.731625558512736,24
E05013519,Dormers Wells,4.681744706065022,5.143249626333184,24.07938171005629,24
E05011473,Norbury Park,4.679981722258214,5.143249626333184,24.070314244250692,24
E05009367,Brownswood,4.644909566995292,5.143249626333184,23.88992939479997,24
E05013784,North Richmond,4.689256320397525,5.143249626333184,24.118015817665096,24
E05013764,Stonecot,4.648612000432545,5.143249626333184,23.908971934192643,24
E05013828,Wimbledon Park,4.595191018592868,5.143249626333184,23.634214489307375,24
E05009399,Notting Dale,4.706982277148122,5.143249626333184,24.209184838099002,24
E05011489,Woodside,4.607173896080402,5.143249626333184,23.69584541946753,24
E05009373,Hackney Downs,4.596894517356704,5.143249626333184,23.64297600868793,24
E05009394,Dalgarno,4.618806714313967,5.143249626333184,23.755675907500517,24
E05013994,Clock House,4.747684800657424,5.143249626333184,24.41852807692904,24
E05013509,Roundwood,4.6449710301666585,5.143249626333184,23.890245515233136,24
E05014105,Kennington,4.57273698187127,5.143249626333184,23.51872777332935,24
E05013663,Kentish Town North,4.691037196684764,5.143249626333184,24.127175308963984,24
E05013556,Pinner South,4.678142452886018,5.143249626333184,24.060854422739418,24
E05013615,Hanworth Park,4.695187165775401,5.143249626333184,24.148519635938698,24
E05013983,St Edward's,4.717908930912444,5.143249626333184,24.26538334598942,24
E05011245,Hainault,4.755102661581371,5.143249626333184,24.456679987354317,24
E05013608,Brentford West,4.756027135104387,5.143249626333184,24.461434785456124,24
E05009326,Limehouse,4.675524058687042,5.143249626333184,24.047387367753945,24
E05013693,Town,4.567608378530218,5.143249626333184,23.492350086111866,23
E05013809,Westbourne,4.465723612622416,5.143249626333184,22.96833130192752,23
E05014114,Streatham Hill West & Thornton,4.426153994981856,5.143249626333184,22.764814880783565,23
E05013813,Cricket Green,4.517459059128447,5.143249626333184,23.234419617837844,23
E05013612,Cranford,4.555756258080741,5.143249626333184,23.43139167203884,23
E05013884,Chapel End,4.460869565232315,5.143249626333184,22.94336572450218,23
E05013927,West Ham,4.558139534883669,5.143249626333184,23.443649459564945,23
E05013978,Mawneys,4.443226653952851,5.143249626333184,22.85262382765665,23
E05011485,South Norwood,4.406398206380026,5.143249626333184,22.663205928439286,23
E05011233,West Heath,4.549090188606572,5.143249626333184,23.39710641270671,23
E05013779,Hampton North,4.501715753819959,5.143249626333184,23.153447868692716,23
E05014096,Brixton North,4.459234560621558,5.143249626333184,22.934956487648854,23
E05014088,Plumstead Common,4.433976639333729,5.143249626333184,22.805048693423274,23
E05013892,Higham Hill,4.515168950770066,5.143249626333184,23.222641018879344,23
E05009380,Lea Bridge,4.425716540468866,5.143249626333184,22.76256494302309,23
E05013814,Figge's Marsh,4.471345815252249,5.143249626333184,22.99724769350258,23
E05013644,High Barnet,4.425556593847965,5.143249626333184,22.761742297624906,23
E05013890,Hatch Lane & Highams Park North,4.536416675589766,5.143249626333184,23.331923371618693,23
E05014101,Clapham Park,4.424124700124313,5.143249626333184,22.754377710765787,23
E05013727,Lewisham Central,4.555111510345659,5.143249626333184,23.4280755734913,23
E05013573,Ickenham & South Harefield,4.423102498802932,5.143249626333184,22.74912027420156,23
E05013922,Royal Albert,4.272766774541416,5.143249626333184,21.975906116568982,22
E05014117,Vauxhall,4.302183009583551,5.143249626333184,22.127201156457577,22
E05011477,Purley Oaks & Riddlesdown,4.328282828282828,5.143249626333184,22.261439039229995,22
E05014071,Whalebone,4.258043334104223,5.143249626333184,21.900179787042052,22
E05013650,Whetstone,4.19809537831837,5.143249626333184,21.591852485847028,22
E05013734,Avonmore,4.295730518872857,5.143249626333184,22.094014386020884,22
E05009382,Shacklewell,4.356193066098283,5.143249626333184,22.404988359445202,22
E05014011,East Putney,4.279829344574642,5.143249626333184,22.012230677253328,22
E05009405,Stanley,4.191849809795424,5.143249626333184,21.559729967875146,22
E05013649,West Hendon,4.252192036735571,5.143249626333184,21.87008510403717,22
E05014075,Charlton Village & Riverside,4.223362673888955,5.143249626333184,21.72180849434889,22
E05013597,St Ann's,4.097972332950405,5.143249626333184,21.0768946701709,21
E05013936,King George's & Sunray,4.011471965947136,5.143249626333184,20.632001689903653,21
E05011246,Ilford Town,3.999999999435945,5.143249626333184,20.572998502431663,21
E05013911,Forest Gate North,4.042555571156795,5.143249626333184,20.79187243078332,21
E05013593,Hornsey,4.148160330038007,5.143249626333184,21.33502406743812,21
E05014110,Stockwell East,3.992049983202572,5.143249626333184,20.532109584410023,21
E05013909,East Ham,3.9998538275814255,5.143249626333184,20.572246704095527,21
E05011252,South Woodford,4.000074897294467,5.143249626333184,20.57338372081452,21
E05013988,Bickley & Sundridge,4.000000000003455,5.143249626333184,20.57299850535051,21
E05013913,Green Street East,4.045248795202871,5.143249626333184,20.80572435435193,21
E05013753,Wormholt,4.114427860696518,5.143249626333184,21.16152955710221,21
E05013646,Totteridge & Woodside,4.144806519554543,5.143249626333184,21.31777458292225,21
E05011237,Chadwell,4.0,5.143249626333184,20.57299850533274,21
E05013607,Brentford East,4.085713869961765,5.143249626333184,21.01384633498516,21
E05013522,East Acton,4.078389756406748,5.143249626333184,20.976176590680097,21
E05011235,Barkingside,4.000024279087617,5.143249626333184,20.57312337874105,21
E05013543,Canons,4.0,5.143249626333184,20.57299850533274,21
E05013894,Larkswood,4.140510706849879,5.143249626333184,21.295680145834194,21
E05013760,North Cheam,4.000001999952367,5.143249626333184,20.573008791587004,21
E05013723,Grove Park,4.0,5.143249626333184,20.57299850533274,21
E05009320,Bow West,3.9998692747600777,5.143249626333184,20.572326152791355,21
E05013563,West Harrow,4.154934387725261,5.143249626333184,21.369864737106848,21
E05011236,Bridge,4.117983165721641,5.143249626333184,21.179815378344173,21
E05011109,Old Kent Road,4.000000000000001,5.143249626333184,20.572998505332745,21
E05013709,Mildmay,3.9665605810380153,5.143249626333184,20.401011226251715,20
E05013992,Chelsfield,3.8139534883631057,5.143249626333184,19.61611485387569,20
E05013941,Norbiton,3.901098901098008,5.143249626333184,20.064325465361126,20
E05011222,Crayford,3.813711574171087,5.143249626333184,19.614870628797988,20
E05013926,Wall End,3.9439167199254097,5.143249626333184,20.284548196045563,20
E05011241,Cranbrook,3.828571319742205,5.143249626333184,19.691298009654044,20
E05011220,Blackfen & Lamorbey,3.921630356937586,5.143249626333184,20.169923867936113,20
E05013540,Southfield,3.951895938036698,5.143249626333184,20.325587306614878,20
E05013567,Eastcote,3.973219879106157,5.143249626333184,20.435261658552324,20
E05013799,Little Venice,3.604434588525527,5.143249626333184,18.538506850576322,19
E05013882,Cann Hall,3.763646844358578,5.143249626333184,19.35737522589733,19
E05013542,Belmont,3.610109800586727,5.143249626333184,18.567695882889453,19
E05014057,Becontree,3.6083962984087457,5.143249626333184,18.55888291345283,19
E05013815,Graveney,3.628572445490237,5.143249626333184,18.66265387439055,19
E05013720,Downham,3.745814571276364,5.143249626333184,19.26565939403056,19
E05011255,Wanstead Village,3.7721088435374144,5.143249626333184,19.400897400011907,19
E05014081,Greenwich Park,3.68372093023244,5.143249626333184,18.946296297933728,19
E05013903,Wood Street,3.599497251739175,5.143249626333184,18.513112894994837,19
E05014102,Clapham Town,3.654984601159133,5.143249626333184,18.798498184165254,19
E05013929,Berrylands,3.64638762655125,5.143249626333184,18.754281797725664,19
E05013525,Hanwell Broadway,3.435165371397827,5.143249626333184,17.66791301283457,18
E05013501,Harlesden & Kensal Green,3.4529608429385994,5.143249626333184,17.759439565187073,18
E05013812,Colliers Wood,3.4291821283233723,5.143249626333184,17.63713970012762,18
E05013943,St Mark's & Seething Wells,3.441844254326537,5.143249626333184,17.70226417496198,18
E05013658,Gospel Oak,3.4999224076688016,5.143249626333184,18.000974615437705,18
E05013800,Maida Vale,3.4683831586322604,5.143249626333184,17.838760384615686,18
E05013763,South Beddington & Roundshaw,3.4959587931297404,5.143249626333184,17.98058875644075,18
E05014092,Woolwich Arsenal,3.499863614655267,5.143249626333184,18.00067222829281,18
E05013901,Valley,3.4853800842525806,5.143249626333184,17.92617981596121,18
E05013762,St Helier West,3.4391675247981,5.143249626333184,17.68849708681505,18
E05013752,White City,3.408723990495602,5.143249626333184,17.531918390389468,18
E05013928,Alexandra,3.4271767488800555,5.143249626333184,17.626825533055126,18
E05014074,Charlton Hornfair,3.524356122208306,5.143249626333184,18.126643308612945,18
E05013754,Beddington,3.4912331291794403,5.143249626333184,17.95628348709419,18
E05014026,Wandle,3.5478158205430925,5.143249626333184,18.247302393307223,18
E05011231,Slade Green & Northend,3.4381268226895285,5.143249626333184,17.683144496084015,18
E05014080,Greenwich Creekside,3.4515540266676505,5.143249626333184,17.752203957927193,18
E05013816,Hillside,3.29054286936225,5.143249626333184,16.92408338328072,17
E05014116,Streatham Wells,3.3857884829985063,5.143249626333184,17.41395535002527,17
E05013788,Teddington,3.345594413223552,5.143249626333184,17.207227215674425,17
E05009393,Courtfield,3.32322129428486,5.143249626333184,17.09215668005309,17
E05009403,Royal Hospital,3.348126732974916,5.143249626333184,17.22025156828938,17
E05014113,Streatham Hill East,3.3971877673593256,5.143249626333184,17.472584715054516,17
E05013829,Wimbledon Town & Dundonald,3.353778915400629,5.143249626333184,17.2493221534384,17
E05013897,Leytonstone,3.2558031062851205,5.143249626333184,16.74540810981537,17
E05013767,Sutton South,3.361767257175128,5.143249626333184,17.29040818928511,17
E05013654,Camden Square,3.213141455512863,5.143249626333184,16.525988590422198,17
E05013676,Bush Hill Park,3.208811828636563,5.143249626333184,16.503720238608505,17
E05013664,Kentish Town South,3.3334257599928803,5.143249626333184,17.144640794492794,17
E05011101,Dulwich Wood,3.2879298255292837,5.143249626333184,16.91064384656322,17
E05014016,Northcote,3.2389602257209367,5.143249626333184,16.658780970647253,17
E05011097,Champion Hill,3.321428571428572,5.143249626333184,17.082936258892367,17
E05011482,Shirley North,3.212560817915737,5.143249626333184,16.523002226317747,17
E05013984,South Hornchurch,3.306197281464583,5.143249626333184,17.004597932476507,17
E05011249,Monkhams,3.232558139534825,5.143249626333184,16.625853443262784,17
E05013514,Wembley Central,3.346938742985288,5.143249626333184,17.214141439219144,17
E05013541,Walpole,3.3179190456927645,5.143249626333184,17.06488589196307,17
E05013505,Northwick Park,3.250007660860764,5.143249626333184,16.715600687302114,17
E05014085,Middle Park & Horn Park,3.234084033177001,5.143249626333184,16.63370149516773,17
E05013688,Palmers Green,3.371122851708201,5.143249626333184,17.338526347371467,17
E05013732,Telegraph Hill,3.3744855967078187,5.143249626333184,17.355821784334204,17
E05014053,Abbey,3.2106752942730825,5.143249626333184,16.51330450754722,17
E05013932,Coombe Hill,3.1336633663339493,5.143249626333184,16.117212937951074,16
E05013584,Yiewsley,3.098949911918837,5.143249626333184,15.938672976501813,16
E05013744,Palace & Hurlingham,3.193169583812808,5.143249626333184,16.423268268763717,16
E05013826,Wandle,3.1483826286504275,5.143249626333184,16.1929177783602,16
E05011100,Dulwich Village,3.110844063245075,5.143249626333184,15.999847565866038,16
E05013777,"Ham, Petersham & Richmond Riverside",3.038492572762915,5.143249626333184,15.627725789479019,16
E05013825,Village,3.1247641870631018,5.143249626333184,16.071442237491613,16
E05009384,Stamford Hill West,3.151187078815774,5.143249626333184,16.20734176562519,16
E05013970,Emerson Park,3.041524564421749,5.143249626333184,15.643320079445362,16
E05013886,Endlebury,3.1142854437002416,5.143249626333184,16.017547444606144,16
E05013549,Hatch End,3.034608511396667,5.143249626333184,15.60774909230841,16
E05013577,Ruislip,3.159953210484444,5.143249626333184,16.252428169054465,16
E05013561,Wealdstone North,2.942266000382104,5.143249626333184,15.132808507038092,15
E05011218,Belvedere,2.9999760004361926,5.143249626333184,15.429625443251972,15
E05013554,North Harrow,3.0031746261833083,5.143249626333184,15.446076773930603,15
E05014119,West Dulwich,3.0,5.143249626333184,15.429748878999556,15
E05013626,Osterley & Spring Grove,3.0,5.143249626333184,15.429748878999556,15
E05013497,Barnhill,2.8810598456785206,5.143249626333184,14.818009974729593,15
E05013807,Vincent Square,2.901435354214049,5.143249626333184,14.9228063013913,15
E05013645,Mill Hill,2.9830709186830644,5.143249626333184,15.342678387842062,15
E05011488,West Thornton,2.9438810678375837,5.143249626333184,15.141115202124988,15
E05013944,Surbiton Hill,2.974984190450052,5.143249626333184,15.301086325879362,15
E05013934,Green Lane & St James,2.996982784346574,5.143249626333184,15.414230585717503,15
E05013775,East Sheen,3.0,5.143249626333184,15.429748878999556,15
E05013530,Northfield,2.907189148287144,5.143249626333184,14.952399500607743,15
E05014107,Myatt's Fields,3.0000068692716764,5.143249626333184,15.429784209378536,15
E05009375,Haggerston,2.9995803541926915,5.143249626333184,15.427590535857924,15
E05013538,Southall Green,2.999966722787562,5.143249626333184,15.429577725989116,15
E05013974,Havering-atte-Bower,2.9318269703434163,5.143249626333184,15.07911796969233,15
E05011096,Camberwell Green,3.0,5.143249626333184,15.429748878999556,15
E05013553,Marlborough,3.0,5.143249626333184,15.429748878999556,15
E05014054,Alibon,2.9999999999678386,5.143249626333184,15.42974887883414,15
E05013726,Lee Green,2.9999925940546177,5.143249626333184,15.429710788373734,15
E05013770,Wallington North,3.003076923076923,5.143249626333184,15.445574262465195,15
E05011466,Coulsdon Town,2.9999999999648166,5.143249626333184,15.429748878818597,15
E05013619,Heston West,2.7030325682234317,5.143249626333184,13.902371246481593,14
E05013768,Sutton West & East Cheam,2.6362339544747244,5.143249626333184,13.558809301278982,14
E05013547,Harrow on the Hill,2.6891458313394323,5.143249626333184,13.830948292191977,14
E05014097,Brixton Rush Common,2.690557762265537,5.143249626333184,13.838210205400072,14
E05013603,West Green,2.81340598862212,5.143249626333184,14.470049299704263,14
E05013721,Evelyn,2.75003581935947,5.143249626333184,14.144120700323468,14
E05013989,Biggin Hill,2.718290900608541,5.143249626333184,13.980848658819776,14
E05013787,South Twickenham,2.8113207547169807,5.143249626333184,14.45932442120084,14
E05013594,Muswell Hill,2.7196885428253608,5.143249626333184,13.988037081629182,14
E05011224,East Wickham,2.669907520301919,5.143249626333184,13.732000856137006,14
E05013824,St Helier,2.696353264460076,5.143249626333184,13.868017919896547,14
E05013979,Rainham & Wennington,2.6902730131806605,5.143249626333184,13.836745669775683,14
E05013559,Roxeth,2.7229792718163264,5.143249626333184,14.004962122282327,14
E05014028,Wandsworth Town,2.655869783424576,5.143249626333184,13.659801271188046,14
E05014024,Tooting Broadway,2.7055930991548798,5.143249626333184,13.91554069623798,14
E05011217,Barnehurst,2.6255940100608592,5.143249626333184,13.504085411148163,14
E05013575,Northwood Hills,2.679716479288052,5.143249626333184,13.78245078077715,14
E05014055,Barking Riverside,2.7432833927057496,5.143249626333184,14.109391284459877,14
E05013745,Parsons Green & Sandford,2.787659084149075,5.143249626333184,14.33762654289404,14
E05013557,Rayners Lane,2.6790702083092603,5.143249626333184,13.779126847806971,14
E05013985,Squirrels Heath,2.662091271109641,5.143249626333184,13.691799935399496,14
E05014004,Plaistow,2.7098884198526383,5.143249626333184,13.937632602811705,14
E05011230,Sidcup,2.5037593983152955,5.143249626333184,12.877459589813341,13
E05009388,Abingdon,2.604270938398085,5.143249626333184,13.394415530786324,13
E05014020,South Balham,2.5672862419648244,5.143249626333184,13.204194004675909,13
E05013823,Raynes Park,2.478695453777595,5.143249626333184,12.74854946643538,13
E05013780,Hampton Wick & South Teddington,2.4606921284267558,5.143249626333184,12.65595387005192,13
E05013590,Harringay,2.488450197265617,5.143249626333184,12.798720547235124,13
E05009325,Lansbury,2.479922570875798,5.143249626333184,12.75486083599218,13
E05009328,Poplar,2.4473348553729437,5.143249626333184,12.587254080409071,13
E05011253,Valentines,2.512955238493385,5.143249626333184,12.924756091373121,13
E05013908,Custom House,2.459086564112122,5.143249626333184,12.647696051990625,13
E05013976,Hylands & Harrow Lodge,2.464390746874692,5.143249626333184,12.674976788002217,13
E05013921,Plashet,2.45085782797669,5.143249626333184,12.60537360793687,13
E05014099,Clapham Common & Abbeville,2.470871167317989,5.143249626333184,12.708307208025687,13
E05013971,Gooshays,2.588963941774417,5.143249626333184,13.315687826121358,13
E05011475,Park Hill & Whitgift,2.475873702436852,5.143249626333184,12.734036494906498,13
E05014000,Mottingham,2.514378368529591,5.143249626333184,12.932075604400062,13
E05014012,Falconbrook,2.500009274314319,5.143249626333184,12.858171765946619,13
E05013747,Sands End,2.5272044986042146,5.143249626333184,12.99804359311367,13
E05013618,Heston East,2.5,5.143249626333184,12.858124065832962,13
E05011225,Erith,2.4999647075148546,5.143249626333184,12.857942547771925,13
E05011469,Kenley,2.490721050027931,5.143249626333184,12.810400109856355,13
E05013647,Underhill,2.284463873209652,5.143249626333184,11.749567962257201,12
E05011467,Crystal Palace & Upper Norwood,2.397307720001645,5.143249626333184,12.329952035104121,12
E05013986,Upminster,2.2606573009623867,5.143249626333184,11.627124818442182,12
E05013572,Hillingdon West,2.274525683361122,5.143249626333184,11.698453371032324,12
E05014059,Eastbrook & Rush Green,2.3197506426477275,5.143249626333184,11.93105662598409,12
E05011240,Clementswood,2.3703754772759105,5.143249626333184,12.19143278776867,12
E05013596,Northumberland Park,2.259481203105849,5.143249626333184,11.621075853581013,12
E05013755,Belmont,2.244903287163953,5.143249626333184,11.54609799286014,12
E05011238,Churchfields,2.426020403522421,5.143249626333184,12.477628533893375,12
E05013568,Harefield Village,2.253669642138433,5.143249626333184,11.591185544806939,12
E05014063,Heath,2.26808619992556,5.143249626333184,11.665333500258589,12
E05013803,Pimlico South,2.385423506353896,5.143249626333184,12.26882855770107,12
E05013627,Syon & Brentford Lock,2.3768899115437696,5.143249626333184,12.22493814938261,12
E05011254,Wanstead Park,2.4166702581570902,5.143249626333184,12.429538402236975,12
E05014091,West Thamesmead,2.282061546957745,5.143249626333184,11.737212198659751,12
E05013512,Tokyngton,2.3987123690774674,5.143249626333184,12.337176495938474,12
E05014008,West Wickham,2.2831578568879527,5.143249626333184,11.742850794298636,12
E05013981,St Alban's,2.358965954401261,5.143249626333184,12.13275076350699,12
E05013750,Wendell Park,2.0418808192073388,5.143249626333184,10.501902760405041,11
E05013889,Hale End & Highams Park South,2.078680203045685,5.143249626333184,10.691171177580907,11
E05011227,Longlands,2.228523584573905,5.143249626333184,11.461853093634426,11
E05009318,Blackwall & Cubitt Town,2.1181434599432194,5.143249626333184,10.894140558873042,11
E05011229,St Mary's & St James,2.161901550965454,5.143249626333184,11.119199344172204,11
E05013677,Carterhatch,2.121015976361119,5.143249626333184,10.90891462786604,11
E05013996,Darwin,2.2285715191955124,5.143249626333184,11.462099633359097,11
E05014090,Thamesmead Moorings,2.157317776026224,5.143249626333184,11.095623845428815,11
E05011232,Thamesmead East,2.064826987610108,5.143249626333184,10.619920632468363,11
E05013773,Worcester Park South,2.114966596488121,5.143249626333184,10.877801157094696,11
E05014065,Mayesbrook,2.071326820184091,5.143249626333184,10.65335089392573,11
E05013735,Brook Green,2.195372090407785,5.143249626333184,11.291346683652144,11
E05014013,Furzedown,2.10207549518406,5.143249626333184,10.811499005129562,11
E05009396,Golborne,1.9999565943694435,5.143249626333184,10.28627600667323,10
E05013506,Preston,1.9922859431210025,5.143249626333184,10.246823932505952,10
E05013968,Cranham,2.023773371150216,5.143249626333184,10.408771634951398,10
E05013550,Headstone,1.9154541519456112,5.143249626333184,9.851658851252612,10
E05013769,The Wrythe,2.0176004395981133,5.143249626333184,10.377022707052665,10
E05013624,Hounslow West,1.9742472179564805,5.143249626333184,10.154046266043999,10
E05011221,Blendon & Penhill,2.0,5.143249626333184,10.28649925266637,10
E05013516,Wembley Park,1.9999571739706248,5.143249626333184,10.286278987706789,10
E05013766,Sutton North,1.8553124429350984,5.143249626333184,9.542335028857254,10
E05013819,Lower Morden,1.926965969151571,5.143249626333184,9.910867000795582,10
E05011474,Old Coulsdon,1.918727979574413,5.143249626333184,9.868496963981126,10
E05013759,Hackbridge,2.00702605004928,5.143249626333184,10.322635981956928,10
E05013687,Oakwood,2.000001349989017,5.143249626333184,10.286506195996877,10
E05011099,Dulwich Hill,1.9722140943484208,5.143249626333184,10.143589403806555,10
E05013515,Wembley Hill,1.999987941840433,5.143249626333184,10.286437234541681,10
E05013552,Kenton West,2.00358319417244,5.143249626333184,10.304928514754849,10
E05013821,Pollards Hill,1.829925323114964,5.143249626333184,9.41176273432867,9
E05013940,New Malden Village,1.7647058823532673,5.143249626333184,9.076322870001416,9
E05014094,Woolwich Dockyard,1.6875844363770187,5.143249626333184,8.679668021801799,9
E05013914,Green Street West,1.6941176217993403,5.143249626333184,8.71326982528392,9
E05011483,Shirley South,1.8092949128824445,5.143249626333184,9.305655384609164,9
E05014086,"Mottingham, Coldharbour & New Eltham",1.7377608454025952,5.143249626333184,8.937737818773337,9
E05011219,Bexleyheath,1.802639542492688,5.143249626333184,9.271425153338942,9
E05013888,Grove Green,1.7624309392265196,5.143249626333184,9.06462226961484,9
E05009385,Stoke Newington,1.8350545265545737,5.143249626333184,9.438143508002831,9
E05014103,Gipsy Hill,1.766448294017779,5.143249626333184,9.085284528143834,9
E05013761,St Helier East,1.7275461952458446,5.143249626333184,8.885201323171506,9
E05013616,Hanworth Village,1.726249437056274,5.143249626333184,8.878531772097551,9
E05013625,Isleworth,1.7240643096457324,5.143249626333184,8.867293116359793,9
E05013972,Hacton,1.498585291439845,5.143249626333184,7.707598240226389,8
E05014025,Trinity,1.5096044915166562,5.143249626333184,7.764272736903939,8
E05014005,Shortlands & Park Langley,1.5717171494607018,5.143249626333184,8.083733641665212,8
E05009398,Norland,1.5470527173208355,5.143249626333184,7.956878310278126,8
E05013733,Addison,1.5774259947722509,5.143249626333184,8.113095658180631,8
E05011480,Selsdon & Addington Village,1.641521737497882,5.143249626333184,8.442756063003783,8
E05011470,New Addington North,1.48774689276856,5.143249626333184,7.651853650310253,8
E05009404,St. Helen's,1.4999992096363306,5.143249626333184,7.714870374462129,8
E05013571,Hillingdon East,1.6466972349239954,5.143249626333184,8.469374938206728,8
E05013623,Hounslow South,1.5321220555878774,5.143249626333184,7.880086189899181,8
E05013659,Hampstead Town,1.6289808770086245,5.143249626333184,8.378255286978511,8
E05013686,New Southgate,1.4758079435067275,5.143249626333184,7.5904486539805225,8
E05013935,Hook & Chessington North,1.462676870438798,5.143249626333184,7.522912267330541,8
E05013899,St James,1.53859494117814,5.143249626333184,7.913377856292597,8
E05014062,Goresbrook,1.4838035192509855,5.143249626333184,7.631571895939496,8
E05013743,Munster,1.4811024286807548,5.143249626333184,7.617679512873465,8
E05013820,Merton Park,1.4399999969411044,5.143249626333184,7.406279446187122,7
E05013967,Beam Park,1.3703703703671928,5.143249626333184,7.048156895329133,7
E05009379,King's Park,1.42879871236001,5.143249626333184,7.348668443450958,7
E05013776,Fulwell & Hampton Hill,1.3292231812577069,5.143249626333184,6.836526630317108,7
E05013980,Rush Green & Crowlands,1.107848937254606,5.143249626333184,5.697943632568369,6
E05013791,Whitton,1.1939285217503064,5.143249626333184,6.140672423360795,6
E05013933,Coombe Vale,1.0969569290657144,5.143249626333184,5.641923315520834,6
E05013695,Whitewebbs,1.2167039449512227,5.143249626333184,6.257812110228487,6
E05013904,Beckton,1.1885804222980552,5.143249626333184,6.1131658128514115,6
E05013790,West Twickenham,1.145276339137435,5.143249626333184,5.89044210331685,6
E05011464,Bensham Manor,1.101185580194784,5.143249626333184,5.663672323860315,6
E05013822,Ravensbury,0.9812537337860192,5.143249626333184,5.046832899632986,5
E05013937,Kingston Gate,0.991306604595067,5.143249626333184,5.098537323665197,5
E05013758,Cheam,0.9728766753207267,5.143249626333184,5.003747596811599,5
E05013657,Frognal,0.9999591298346862,5.143249626333184,5.143039420870706,5
E05011250,Newbury,0.9999999998418748,5.143249626333184,5.143249625519908,5
E05013898,Markhouse,1.0387513137355329,5.143249626333184,5.342557306223384,5
E05013912,Forest Gate South,0.8848376982560527,5.143249626333184,4.550941160920958,5
E05013998,Hayes & Coney Hall,1.0,5.143249626333184,5.143249626333185,5
E05014083,Kidbrooke Park,1.0385746937212488,5.143249626333184,5.341648905400915,5
E05013683,Highfield,1.0503124369299943,5.143249626333184,5.4020190487732895,5
E05013818,Longthornton,0.7817189530841694,5.143249626333184,4.020575713347722,4
E05013622,Hounslow Heath,0.7369882320841514,5.143249626333184,3.790514449278766,4
E05013757,Carshalton South & Clockhouse,0.6825094926963018,5.143249626333184,3.5103166932791057,4
E05013772,Worcester Park North,0.7934531733813432,5.143249626333184,4.080927737506474,4
E05013749,Walham Green,0.7630252047105547,5.143249626333184,3.9244290990103625,4
E05013931,Chessington South & Malden Rushett,0.7128157614150652,5.143249626333184,3.6661893985424387,4
E05013774,Barnes,0.8170894452439263,5.143249626333184,4.202494983931613,4
E05011481,Selsdon Vale & Forestdale,0.8173232584821943,5.143249626333184,4.203697543781967,4
E05011242,Fairlop,0.8725247414158493,5.143249626333184,4.487612550253526,4
E05013982,St Andrew's,0.8252118542948842,5.143249626333184,4.244270561247878,4
E05013620,Hounslow Central,0.8464705815316507,5.143249626333184,4.353609502164696,4
E05014093,Woolwich Common,0.6856664847287723,5.143249626333184,3.5265538913704466,4
E05013939,Motspur Park & Old Malden East,0.7378357017575248,5.143249626333184,3.7948731973596725,4
E05013640,Friern Barnet,0.7126337909960626,5.143249626333184,3.6652534792529003,4
E05013785,St Margarets & North Twickenham,0.6786935380142554,5.143249626333184,3.490690285786566,3
E05013511,Sudbury,0.6386771745036252,5.143249626333184,3.2848761391133046,3
E05013533,Norwood Green,0.5000598105432763,5.143249626333184,2.5719324337209493,3
E05013740,Grove,0.5497881260604341,5.143249626333184,2.82769757392275,3
E05013617,Heston Central,-0.1741914193845619,5.143249626333184,2.0,2
E05013917,Maryland,-1.3703815926544438,5.143249626333184,2.0,2
E05013942,Old Malden,-0.2685044748631021,5.143249626333184,2.0,2
E05009368,Cazenove,-0.0638475460355062,5.143249626333184,2.0,2
E05013946,Tudor,0.3644765471610712,5.143249626333184,2.0,2
E05013673,Bowes,0.0,5.143249626333184,2.0,2
E05013883,Cathall,0.0,5.143249626333184,2.0,2
E05013827,West Barnes,0.2919572615394761,5.143249626333184,2.0,2
E05013811,Cannon Hill,0.4413672164975827,5.143249626333184,2.2700617713269104,2
E05013751,West Kensington,0.1904392290671877,5.143249626333184,2.0,2
E05013539,Southall West,0.0,5.143249626333184,2.0,2
E05013945,Tolworth,2.220446049250313e-15,5.143249626333184,2.0,2
E05013513,Welsh Harp,-1.3542491219065953,5.143249626333184,2.0,2
E05013969,Elm Park,0.2410918087184035,5.143249626333184,2.0,2
E05013930,Canbury Gardens,0.4089237829934115,5.143249626333184,2.103197094079616,2
E05011471,New Addington South,-1.4712643678156074,5.143249626333184,2.0,2
E05013783,Mortlake & Barnes Common,-0.1482655121160259,5.143249626333184,2.0,2
E05014021,Southfields,0.0,5.143249626333184,2.0,2
E05014078,Eltham Park & Progress,0.1908433784158992,5.143249626333184,2.0,2
E05013578,Ruislip Manor,-0.6603648209466414,5.143249626333184,2.0,2
E05014068,Thames View,0.4155458193061445,5.143249626333184,2.137255879870645,2
